﻿COL01,COL02,COL03,COL04,COL05,COL06,COL07,COL08,COL09,COL10,COL11,COL12,COL13,COL14,COL15,COL16,COL17,COL18,COL19,COL20,printer_id,FilePath_bak,BTW_Label
"1","pz1","ESL-202110041375001","202110041375001","140004699461","N","宅配","","","宅配","2021/10/25","0000000001","2681911580003","RIFLE PAPER Pocket Notebooks/ Luisa/ 2入","1","0","202110041375001","6","D:\Bartender\Format\ShippingList\出貨明細_防詐騙.jpg","D:\Bartender\Format\ShippingList\20230823-C001出貨單.jpg","A4_192.168.19.81","D:\Bartender\LogFiles\HJ_RPT_ShipList_EC_202110041375001_20230823181351.csv","D:\Bartender\Format\HJ_RPT_ShipList_EC.btw"
"2","pz1","ESL-202110041375001","202110041375001","140004699461","N","宅配","","","宅配","2021/10/25","0000000002","2681911580003","RIFLE PAPER Pocket Notebooks/ Luisa/ 2入","2","0","202110041375001","6","D:\Bartender\Format\ShippingList\出貨明細_防詐騙.jpg","D:\Bartender\Format\ShippingList\20230823-C001出貨單.jpg","A4_192.168.19.81","D:\Bartender\LogFiles\HJ_RPT_ShipList_EC_202110041375001_20230823181351.csv","D:\Bartender\Format\HJ_RPT_ShipList_EC.btw"
"3","pz1","ESL-202110041375001","202110041375001","140004699461","N","宅配","","","宅配","2021/10/25","0000000003","2681925451009","Naturally European Room Diffuser/ Rose P","2","0","202110041375001","6","D:\Bartender\Format\ShippingList\出貨明細_防詐騙.jpg","D:\Bartender\Format\ShippingList\20230823-C001出貨單.jpg","A4_192.168.19.81","D:\Bartender\LogFiles\HJ_RPT_ShipList_EC_202110041375001_20230823181351.csv","D:\Bartender\Format\HJ_RPT_ShipList_EC.btw"
"4","pz1","ESL-202110041375001","202110041375001","140004699461","N","宅配","","","宅配","2021/10/25","0000000004","2681925451009","Naturally European Room Diffuser/ Rose P","1","0","202110041375001","6","D:\Bartender\Format\ShippingList\出貨明細_防詐騙.jpg","D:\Bartender\Format\ShippingList\20230823-C001出貨單.jpg","A4_192.168.19.81","D:\Bartender\LogFiles\HJ_RPT_ShipList_EC_202110041375001_20230823181351.csv","D:\Bartender\Format\HJ_RPT_ShipList_EC.btw"
