<?xml version="1.0"?>
<PrinterSettings>
  <UsePrinterRedirection>true</UsePrinterRedirection>
  <Printers>
    <Printer>
      <Name>A16_192.168.19.1</Name>
      <PreventPrinterUsage>false</PreventPrinterUsage>
      <RedirectionSettings>
        <RedirectionPrinterName>EC_192.168.19.2</RedirectionPrinterName>
        <RedirectOnPrinterNotAccessible>false</RedirectOnPrinterNotAccessible>
        <RedirectOnPrinterNotInstalled>true</RedirectOnPrinterNotInstalled>
        <RedirectOnPrinterInErrorState>false</RedirectOnPrinterInErrorState>
        <RedirectOnPrinterOffline>false</RedirectOnPrinterOffline>
        <RedirectOnPrinterQueuePaused>false</RedirectOnPrinterQueuePaused>
      </RedirectionSettings>
      <SupportsDataSourcedCopies>false</SupportsDataSourcedCopies>
      <IgnoreReportedPageSizes>true</IgnoreReportedPageSizes>
      <UsesEPDI>false</UsesEPDI>
      <ForceUseLeadTools>false</ForceUseLeadTools>
      <NewDeviceContext>false</NewDeviceContext>
      <VerifierDriverName />
      <VerifierInstanceId>0</VerifierInstanceId>
    </Printer>
    <Printer>
      <Name>A16_192.168.19.123</Name>
      <RedirectionSettings>
        <RedirectionPrinterName>A16_192.168.19.183</RedirectionPrinterName>
        <RedirectOnPrinterInErrorState>true</RedirectOnPrinterInErrorState>
        <RedirectOnPrinterOffline>true</RedirectOnPrinterOffline>
        <RedirectOnPrinterQueuePaused>true</RedirectOnPrinterQueuePaused>
      </RedirectionSettings>
      <UsesEPDI>false</UsesEPDI>
      <ForceUseLeadTools>false</ForceUseLeadTools>
      <VerifierDriverName />
      <VerifierInstanceId>0</VerifierInstanceId>
    </Printer>
    <Printer>
      <Name>A16_192.168.19.124</Name>
      <RedirectionSettings>
        <RedirectionPrinterName>A16_192.168.19.183</RedirectionPrinterName>
        <RedirectOnPrinterInErrorState>true</RedirectOnPrinterInErrorState>
        <RedirectOnPrinterOffline>true</RedirectOnPrinterOffline>
        <RedirectOnPrinterQueuePaused>true</RedirectOnPrinterQueuePaused>
      </RedirectionSettings>
      <UsesEPDI>false</UsesEPDI>
      <ForceUseLeadTools>false</ForceUseLeadTools>
      <VerifierDriverName />
      <VerifierInstanceId>0</VerifierInstanceId>
    </Printer>
    <Printer>
      <Name>A16_192.168.19.125</Name>
      <RedirectionSettings>
        <RedirectionPrinterName>A16_192.168.19.183</RedirectionPrinterName>
        <RedirectOnPrinterInErrorState>true</RedirectOnPrinterInErrorState>
        <RedirectOnPrinterOffline>true</RedirectOnPrinterOffline>
        <RedirectOnPrinterQueuePaused>true</RedirectOnPrinterQueuePaused>
      </RedirectionSettings>
      <UsesEPDI>false</UsesEPDI>
      <ForceUseLeadTools>false</ForceUseLeadTools>
      <VerifierDriverName />
      <VerifierInstanceId>0</VerifierInstanceId>
    </Printer>
    <Printer>
      <Name>A16_192.168.19.126</Name>
      <RedirectionSettings>
        <RedirectionPrinterName>A16_192.168.19.183</RedirectionPrinterName>
        <RedirectOnPrinterInErrorState>true</RedirectOnPrinterInErrorState>
        <RedirectOnPrinterOffline>true</RedirectOnPrinterOffline>
        <RedirectOnPrinterQueuePaused>true</RedirectOnPrinterQueuePaused>
      </RedirectionSettings>
      <UsesEPDI>false</UsesEPDI>
      <ForceUseLeadTools>false</ForceUseLeadTools>
      <VerifierDriverName />
      <VerifierInstanceId>0</VerifierInstanceId>
    </Printer>
    <Printer>
      <Name>A16_192.168.19.127</Name>
      <RedirectionSettings>
        <RedirectionPrinterName>A16_192.168.19.183</RedirectionPrinterName>
        <RedirectOnPrinterInErrorState>true</RedirectOnPrinterInErrorState>
        <RedirectOnPrinterOffline>true</RedirectOnPrinterOffline>
        <RedirectOnPrinterQueuePaused>true</RedirectOnPrinterQueuePaused>
      </RedirectionSettings>
      <UsesEPDI>false</UsesEPDI>
      <ForceUseLeadTools>false</ForceUseLeadTools>
      <VerifierDriverName />
      <VerifierInstanceId>0</VerifierInstanceId>
    </Printer>
    <Printer>
      <Name>A16_192.168.19.128</Name>
      <RedirectionSettings>
        <RedirectionPrinterName>A16_192.168.19.183</RedirectionPrinterName>
        <RedirectOnPrinterInErrorState>true</RedirectOnPrinterInErrorState>
        <RedirectOnPrinterOffline>true</RedirectOnPrinterOffline>
        <RedirectOnPrinterQueuePaused>true</RedirectOnPrinterQueuePaused>
      </RedirectionSettings>
      <UsesEPDI>false</UsesEPDI>
      <ForceUseLeadTools>false</ForceUseLeadTools>
      <VerifierDriverName />
      <VerifierInstanceId>0</VerifierInstanceId>
    </Printer>
    <Printer>
      <Name>A16_192.168.19.183</Name>
      <RedirectionSettings>
        <RedirectOnPrinterInErrorState>false</RedirectOnPrinterInErrorState>
        <RedirectOnPrinterOffline>false</RedirectOnPrinterOffline>
        <RedirectOnPrinterQueuePaused>false</RedirectOnPrinterQueuePaused>
      </RedirectionSettings>
      <UsesEPDI>false</UsesEPDI>
      <ForceUseLeadTools>false</ForceUseLeadTools>
      <VerifierDriverName />
      <VerifierInstanceId>0</VerifierInstanceId>
    </Printer>
    <Printer>
      <Name>A16_192.168.19.31</Name>
      <RedirectionSettings>
        <RedirectionPrinterName>A16_192.168.19.183</RedirectionPrinterName>
        <RedirectOnPrinterInErrorState>true</RedirectOnPrinterInErrorState>
        <RedirectOnPrinterOffline>true</RedirectOnPrinterOffline>
        <RedirectOnPrinterQueuePaused>true</RedirectOnPrinterQueuePaused>
      </RedirectionSettings>
      <UsesEPDI>false</UsesEPDI>
      <ForceUseLeadTools>false</ForceUseLeadTools>
      <VerifierDriverName />
      <VerifierInstanceId>0</VerifierInstanceId>
    </Printer>
    <Printer>
      <Name>A16_192.168.19.32</Name>
      <RedirectionSettings>
        <RedirectionPrinterName>A16_192.168.19.183</RedirectionPrinterName>
        <RedirectOnPrinterInErrorState>true</RedirectOnPrinterInErrorState>
        <RedirectOnPrinterOffline>true</RedirectOnPrinterOffline>
        <RedirectOnPrinterQueuePaused>true</RedirectOnPrinterQueuePaused>
      </RedirectionSettings>
      <UsesEPDI>false</UsesEPDI>
      <ForceUseLeadTools>false</ForceUseLeadTools>
      <VerifierDriverName />
      <VerifierInstanceId>0</VerifierInstanceId>
    </Printer>
    <Printer>
      <Name>A16_192.168.19.33</Name>
      <RedirectionSettings>
        <RedirectionPrinterName>A16_192.168.19.183</RedirectionPrinterName>
        <RedirectOnPrinterInErrorState>true</RedirectOnPrinterInErrorState>
        <RedirectOnPrinterOffline>true</RedirectOnPrinterOffline>
        <RedirectOnPrinterQueuePaused>true</RedirectOnPrinterQueuePaused>
      </RedirectionSettings>
      <UsesEPDI>false</UsesEPDI>
      <ForceUseLeadTools>false</ForceUseLeadTools>
      <VerifierDriverName />
      <VerifierInstanceId>0</VerifierInstanceId>
    </Printer>
    <Printer>
      <Name>A16_192.168.19.34</Name>
      <RedirectionSettings>
        <RedirectionPrinterName>A16_192.168.19.183</RedirectionPrinterName>
        <RedirectOnPrinterInErrorState>true</RedirectOnPrinterInErrorState>
        <RedirectOnPrinterOffline>true</RedirectOnPrinterOffline>
        <RedirectOnPrinterQueuePaused>true</RedirectOnPrinterQueuePaused>
      </RedirectionSettings>
      <UsesEPDI>false</UsesEPDI>
      <ForceUseLeadTools>false</ForceUseLeadTools>
      <VerifierDriverName />
      <VerifierInstanceId>0</VerifierInstanceId>
    </Printer>
    <Printer>
      <Name>A16_192.168.19.35</Name>
      <RedirectionSettings>
        <RedirectionPrinterName>A16_192.168.19.183</RedirectionPrinterName>
        <RedirectOnPrinterInErrorState>true</RedirectOnPrinterInErrorState>
        <RedirectOnPrinterOffline>true</RedirectOnPrinterOffline>
        <RedirectOnPrinterQueuePaused>true</RedirectOnPrinterQueuePaused>
      </RedirectionSettings>
      <UsesEPDI>false</UsesEPDI>
      <ForceUseLeadTools>false</ForceUseLeadTools>
      <VerifierDriverName />
      <VerifierInstanceId>0</VerifierInstanceId>
    </Printer>
    <Printer>
      <Name>A16_192.168.19.36</Name>
      <RedirectionSettings>
        <RedirectionPrinterName>A16_192.168.19.183</RedirectionPrinterName>
        <RedirectOnPrinterInErrorState>true</RedirectOnPrinterInErrorState>
        <RedirectOnPrinterOffline>true</RedirectOnPrinterOffline>
        <RedirectOnPrinterQueuePaused>true</RedirectOnPrinterQueuePaused>
      </RedirectionSettings>
      <UsesEPDI>false</UsesEPDI>
      <ForceUseLeadTools>false</ForceUseLeadTools>
      <VerifierDriverName />
      <VerifierInstanceId>0</VerifierInstanceId>
    </Printer>
    <Printer>
      <Name>A16_192.168.19.37</Name>
      <RedirectionSettings>
        <RedirectionPrinterName>A16_192.168.19.183</RedirectionPrinterName>
        <RedirectOnPrinterInErrorState>true</RedirectOnPrinterInErrorState>
        <RedirectOnPrinterOffline>true</RedirectOnPrinterOffline>
        <RedirectOnPrinterQueuePaused>true</RedirectOnPrinterQueuePaused>
      </RedirectionSettings>
      <UsesEPDI>false</UsesEPDI>
      <ForceUseLeadTools>false</ForceUseLeadTools>
      <VerifierDriverName />
      <VerifierInstanceId>0</VerifierInstanceId>
    </Printer>
    <Printer>
      <Name>A16_192.168.19.38</Name>
      <RedirectionSettings>
        <RedirectionPrinterName>A16_192.168.19.183</RedirectionPrinterName>
        <RedirectOnPrinterInErrorState>true</RedirectOnPrinterInErrorState>
        <RedirectOnPrinterOffline>true</RedirectOnPrinterOffline>
        <RedirectOnPrinterQueuePaused>true</RedirectOnPrinterQueuePaused>
      </RedirectionSettings>
      <UsesEPDI>false</UsesEPDI>
      <ForceUseLeadTools>false</ForceUseLeadTools>
      <VerifierDriverName />
      <VerifierInstanceId>0</VerifierInstanceId>
    </Printer>
    <Printer>
      <Name>A16_192.168.19.39</Name>
      <RedirectionSettings>
        <RedirectionPrinterName>A16_192.168.19.183</RedirectionPrinterName>
        <RedirectOnPrinterInErrorState>true</RedirectOnPrinterInErrorState>
        <RedirectOnPrinterOffline>true</RedirectOnPrinterOffline>
        <RedirectOnPrinterQueuePaused>true</RedirectOnPrinterQueuePaused>
      </RedirectionSettings>
      <UsesEPDI>false</UsesEPDI>
      <ForceUseLeadTools>false</ForceUseLeadTools>
      <VerifierDriverName />
      <VerifierInstanceId>0</VerifierInstanceId>
    </Printer>
    <Printer>
      <Name>A16_192.168.19.40</Name>
      <RedirectionSettings>
        <RedirectionPrinterName>A16_192.168.19.183</RedirectionPrinterName>
        <RedirectOnPrinterInErrorState>true</RedirectOnPrinterInErrorState>
        <RedirectOnPrinterOffline>true</RedirectOnPrinterOffline>
        <RedirectOnPrinterQueuePaused>true</RedirectOnPrinterQueuePaused>
      </RedirectionSettings>
      <UsesEPDI>false</UsesEPDI>
      <ForceUseLeadTools>false</ForceUseLeadTools>
      <VerifierDriverName />
      <VerifierInstanceId>0</VerifierInstanceId>
    </Printer>
    <Printer>
      <Name>A16_192.168.19.41</Name>
      <RedirectionSettings>
        <RedirectionPrinterName>A16_192.168.19.183</RedirectionPrinterName>
        <RedirectOnPrinterInErrorState>true</RedirectOnPrinterInErrorState>
        <RedirectOnPrinterOffline>true</RedirectOnPrinterOffline>
        <RedirectOnPrinterQueuePaused>true</RedirectOnPrinterQueuePaused>
      </RedirectionSettings>
      <UsesEPDI>false</UsesEPDI>
      <ForceUseLeadTools>false</ForceUseLeadTools>
      <VerifierDriverName />
      <VerifierInstanceId>0</VerifierInstanceId>
    </Printer>
    <Printer>
      <Name>A16_192.168.19.42</Name>
      <RedirectionSettings>
        <RedirectionPrinterName>A16_192.168.19.183</RedirectionPrinterName>
        <RedirectOnPrinterInErrorState>true</RedirectOnPrinterInErrorState>
        <RedirectOnPrinterOffline>true</RedirectOnPrinterOffline>
        <RedirectOnPrinterQueuePaused>true</RedirectOnPrinterQueuePaused>
      </RedirectionSettings>
      <UsesEPDI>false</UsesEPDI>
      <ForceUseLeadTools>false</ForceUseLeadTools>
      <VerifierDriverName />
      <VerifierInstanceId>0</VerifierInstanceId>
    </Printer>
    <Printer>
      <Name>A16_192.168.19.43</Name>
      <RedirectionSettings>
        <RedirectionPrinterName>A16_192.168.19.183</RedirectionPrinterName>
        <RedirectOnPrinterInErrorState>true</RedirectOnPrinterInErrorState>
        <RedirectOnPrinterOffline>true</RedirectOnPrinterOffline>
        <RedirectOnPrinterQueuePaused>true</RedirectOnPrinterQueuePaused>
      </RedirectionSettings>
      <UsesEPDI>false</UsesEPDI>
      <ForceUseLeadTools>false</ForceUseLeadTools>
      <VerifierDriverName />
      <VerifierInstanceId>0</VerifierInstanceId>
    </Printer>
    <Printer>
      <Name>A16_192.168.19.44</Name>
      <RedirectionSettings>
        <RedirectionPrinterName>A16_192.168.19.183</RedirectionPrinterName>
        <RedirectOnPrinterInErrorState>true</RedirectOnPrinterInErrorState>
        <RedirectOnPrinterOffline>true</RedirectOnPrinterOffline>
        <RedirectOnPrinterQueuePaused>true</RedirectOnPrinterQueuePaused>
      </RedirectionSettings>
      <UsesEPDI>false</UsesEPDI>
      <ForceUseLeadTools>false</ForceUseLeadTools>
      <VerifierDriverName />
      <VerifierInstanceId>0</VerifierInstanceId>
    </Printer>
    <Printer>
      <Name>A16_192.168.19.45</Name>
      <RedirectionSettings>
        <RedirectionPrinterName>A16_192.168.19.183</RedirectionPrinterName>
        <RedirectOnPrinterInErrorState>true</RedirectOnPrinterInErrorState>
        <RedirectOnPrinterOffline>true</RedirectOnPrinterOffline>
        <RedirectOnPrinterQueuePaused>true</RedirectOnPrinterQueuePaused>
      </RedirectionSettings>
      <UsesEPDI>false</UsesEPDI>
      <ForceUseLeadTools>false</ForceUseLeadTools>
      <VerifierDriverName />
      <VerifierInstanceId>0</VerifierInstanceId>
    </Printer>
    <Printer>
      <Name>A16_192.168.19.64</Name>
      <RedirectionSettings>
        <RedirectionPrinterName>A16_192.168.19.183</RedirectionPrinterName>
        <RedirectOnPrinterInErrorState>true</RedirectOnPrinterInErrorState>
        <RedirectOnPrinterOffline>true</RedirectOnPrinterOffline>
        <RedirectOnPrinterQueuePaused>true</RedirectOnPrinterQueuePaused>
      </RedirectionSettings>
      <UsesEPDI>false</UsesEPDI>
      <ForceUseLeadTools>false</ForceUseLeadTools>
      <VerifierDriverName />
      <VerifierInstanceId>0</VerifierInstanceId>
    </Printer>
    <Printer>
      <Name>A16_192.168.19.65</Name>
      <RedirectionSettings>
        <RedirectionPrinterName>A16_192.168.19.183</RedirectionPrinterName>
        <RedirectOnPrinterInErrorState>true</RedirectOnPrinterInErrorState>
        <RedirectOnPrinterOffline>true</RedirectOnPrinterOffline>
        <RedirectOnPrinterQueuePaused>true</RedirectOnPrinterQueuePaused>
      </RedirectionSettings>
      <UsesEPDI>false</UsesEPDI>
      <ForceUseLeadTools>false</ForceUseLeadTools>
      <VerifierDriverName />
      <VerifierInstanceId>0</VerifierInstanceId>
    </Printer>
    <Printer>
      <Name>A16_192.168.19.66</Name>
      <RedirectionSettings>
        <RedirectionPrinterName>A16_192.168.19.183</RedirectionPrinterName>
        <RedirectOnPrinterInErrorState>true</RedirectOnPrinterInErrorState>
        <RedirectOnPrinterOffline>true</RedirectOnPrinterOffline>
        <RedirectOnPrinterQueuePaused>true</RedirectOnPrinterQueuePaused>
      </RedirectionSettings>
      <UsesEPDI>false</UsesEPDI>
      <ForceUseLeadTools>false</ForceUseLeadTools>
      <VerifierDriverName />
      <VerifierInstanceId>0</VerifierInstanceId>
    </Printer>
    <Printer>
      <Name>A16_192.168.19.67</Name>
      <RedirectionSettings>
        <RedirectionPrinterName>A16_192.168.19.183</RedirectionPrinterName>
        <RedirectOnPrinterInErrorState>true</RedirectOnPrinterInErrorState>
        <RedirectOnPrinterOffline>true</RedirectOnPrinterOffline>
        <RedirectOnPrinterQueuePaused>true</RedirectOnPrinterQueuePaused>
      </RedirectionSettings>
      <UsesEPDI>false</UsesEPDI>
      <ForceUseLeadTools>false</ForceUseLeadTools>
      <VerifierDriverName />
      <VerifierInstanceId>0</VerifierInstanceId>
    </Printer>
    <Printer>
      <Name>A16_192.168.19.68</Name>
      <RedirectionSettings>
        <RedirectionPrinterName>A16_192.168.19.183</RedirectionPrinterName>
        <RedirectOnPrinterInErrorState>true</RedirectOnPrinterInErrorState>
        <RedirectOnPrinterOffline>true</RedirectOnPrinterOffline>
        <RedirectOnPrinterQueuePaused>true</RedirectOnPrinterQueuePaused>
      </RedirectionSettings>
      <UsesEPDI>false</UsesEPDI>
      <ForceUseLeadTools>false</ForceUseLeadTools>
      <VerifierDriverName />
      <VerifierInstanceId>0</VerifierInstanceId>
    </Printer>
    <Printer>
      <Name>A4_192.168.19.101</Name>
      <RedirectionSettings>
        <RedirectionPrinterName>A4_192.168.19.185</RedirectionPrinterName>
        <RedirectOnPrinterInErrorState>true</RedirectOnPrinterInErrorState>
        <RedirectOnPrinterOffline>true</RedirectOnPrinterOffline>
        <RedirectOnPrinterQueuePaused>true</RedirectOnPrinterQueuePaused>
      </RedirectionSettings>
      <UsesEPDI>false</UsesEPDI>
      <ForceUseLeadTools>false</ForceUseLeadTools>
      <VerifierDriverName />
      <VerifierInstanceId>0</VerifierInstanceId>
    </Printer>
    <Printer>
      <Name>A4_192.168.19.103</Name>
      <RedirectionSettings>
        <RedirectionPrinterName>A4_192.168.19.185</RedirectionPrinterName>
        <RedirectOnPrinterInErrorState>true</RedirectOnPrinterInErrorState>
        <RedirectOnPrinterOffline>true</RedirectOnPrinterOffline>
        <RedirectOnPrinterQueuePaused>true</RedirectOnPrinterQueuePaused>
      </RedirectionSettings>
      <UsesEPDI>false</UsesEPDI>
      <ForceUseLeadTools>false</ForceUseLeadTools>
      <VerifierDriverName />
      <VerifierInstanceId>0</VerifierInstanceId>
    </Printer>
    <Printer>
      <Name>A4_192.168.19.105</Name>
      <RedirectionSettings>
        <RedirectionPrinterName>A4_192.168.19.185</RedirectionPrinterName>
        <RedirectOnPrinterInErrorState>true</RedirectOnPrinterInErrorState>
        <RedirectOnPrinterOffline>true</RedirectOnPrinterOffline>
        <RedirectOnPrinterQueuePaused>true</RedirectOnPrinterQueuePaused>
      </RedirectionSettings>
      <UsesEPDI>false</UsesEPDI>
      <ForceUseLeadTools>false</ForceUseLeadTools>
      <VerifierDriverName />
      <VerifierInstanceId>0</VerifierInstanceId>
    </Printer>
    <Printer>
      <Name>A4_192.168.19.107</Name>
      <RedirectionSettings>
        <RedirectionPrinterName>A4_192.168.19.185</RedirectionPrinterName>
        <RedirectOnPrinterInErrorState>true</RedirectOnPrinterInErrorState>
        <RedirectOnPrinterOffline>true</RedirectOnPrinterOffline>
        <RedirectOnPrinterQueuePaused>true</RedirectOnPrinterQueuePaused>
      </RedirectionSettings>
      <SupportsDataSourcedCopies>true</SupportsDataSourcedCopies>
      <UsesEPDI>false</UsesEPDI>
      <ForceUseLeadTools>false</ForceUseLeadTools>
      <VerifierDriverName />
      <VerifierInstanceId>0</VerifierInstanceId>
    </Printer>
    <Printer>
      <Name>A4_192.168.19.109</Name>
      <RedirectionSettings>
        <RedirectionPrinterName>A4_192.168.19.185</RedirectionPrinterName>
        <RedirectOnPrinterInErrorState>true</RedirectOnPrinterInErrorState>
        <RedirectOnPrinterOffline>true</RedirectOnPrinterOffline>
        <RedirectOnPrinterQueuePaused>true</RedirectOnPrinterQueuePaused>
      </RedirectionSettings>
      <UsesEPDI>false</UsesEPDI>
      <ForceUseLeadTools>false</ForceUseLeadTools>
      <VerifierDriverName />
      <VerifierInstanceId>0</VerifierInstanceId>
    </Printer>
    <Printer>
      <Name>A4_192.168.19.111</Name>
      <RedirectionSettings>
        <RedirectionPrinterName>A4_192.168.19.185</RedirectionPrinterName>
        <RedirectOnPrinterInErrorState>true</RedirectOnPrinterInErrorState>
        <RedirectOnPrinterOffline>true</RedirectOnPrinterOffline>
        <RedirectOnPrinterQueuePaused>true</RedirectOnPrinterQueuePaused>
      </RedirectionSettings>
      <UsesEPDI>false</UsesEPDI>
      <ForceUseLeadTools>false</ForceUseLeadTools>
      <VerifierDriverName />
      <VerifierInstanceId>0</VerifierInstanceId>
    </Printer>
    <Printer>
      <Name>A4_192.168.19.113</Name>
      <RedirectionSettings>
        <RedirectionPrinterName>A4_192.168.19.185</RedirectionPrinterName>
        <RedirectOnPrinterInErrorState>true</RedirectOnPrinterInErrorState>
        <RedirectOnPrinterOffline>true</RedirectOnPrinterOffline>
        <RedirectOnPrinterQueuePaused>true</RedirectOnPrinterQueuePaused>
      </RedirectionSettings>
      <UsesEPDI>false</UsesEPDI>
      <ForceUseLeadTools>false</ForceUseLeadTools>
      <VerifierDriverName />
      <VerifierInstanceId>0</VerifierInstanceId>
    </Printer>
    <Printer>
      <Name>A4_192.168.19.115</Name>
      <RedirectionSettings>
        <RedirectionPrinterName>A4_192.168.19.185</RedirectionPrinterName>
        <RedirectOnPrinterInErrorState>true</RedirectOnPrinterInErrorState>
        <RedirectOnPrinterOffline>true</RedirectOnPrinterOffline>
        <RedirectOnPrinterQueuePaused>true</RedirectOnPrinterQueuePaused>
      </RedirectionSettings>
      <UsesEPDI>false</UsesEPDI>
      <ForceUseLeadTools>false</ForceUseLeadTools>
      <VerifierDriverName />
      <VerifierInstanceId>0</VerifierInstanceId>
    </Printer>
    <Printer>
      <Name>A4_192.168.19.129</Name>
      <RedirectionSettings>
        <RedirectionPrinterName>A4_192.168.19.185</RedirectionPrinterName>
        <RedirectOnPrinterInErrorState>true</RedirectOnPrinterInErrorState>
        <RedirectOnPrinterOffline>true</RedirectOnPrinterOffline>
        <RedirectOnPrinterQueuePaused>true</RedirectOnPrinterQueuePaused>
      </RedirectionSettings>
      <UsesEPDI>false</UsesEPDI>
      <ForceUseLeadTools>false</ForceUseLeadTools>
      <VerifierDriverName />
      <VerifierInstanceId>0</VerifierInstanceId>
    </Printer>
    <Printer>
      <Name>A4_192.168.19.131</Name>
      <RedirectionSettings>
        <RedirectionPrinterName>A4_192.168.19.185</RedirectionPrinterName>
        <RedirectOnPrinterInErrorState>true</RedirectOnPrinterInErrorState>
        <RedirectOnPrinterOffline>true</RedirectOnPrinterOffline>
        <RedirectOnPrinterQueuePaused>true</RedirectOnPrinterQueuePaused>
      </RedirectionSettings>
      <UsesEPDI>false</UsesEPDI>
      <ForceUseLeadTools>false</ForceUseLeadTools>
      <VerifierDriverName />
      <VerifierInstanceId>0</VerifierInstanceId>
    </Printer>
    <Printer>
      <Name>A4_192.168.19.133</Name>
      <RedirectionSettings>
        <RedirectionPrinterName>A4_192.168.19.185</RedirectionPrinterName>
        <RedirectOnPrinterInErrorState>true</RedirectOnPrinterInErrorState>
        <RedirectOnPrinterOffline>true</RedirectOnPrinterOffline>
        <RedirectOnPrinterQueuePaused>true</RedirectOnPrinterQueuePaused>
      </RedirectionSettings>
      <UsesEPDI>false</UsesEPDI>
      <ForceUseLeadTools>false</ForceUseLeadTools>
      <VerifierDriverName />
      <VerifierInstanceId>0</VerifierInstanceId>
    </Printer>
    <Printer>
      <Name>A4_192.168.19.135</Name>
      <RedirectionSettings>
        <RedirectionPrinterName>A4_192.168.19.185</RedirectionPrinterName>
        <RedirectOnPrinterInErrorState>true</RedirectOnPrinterInErrorState>
        <RedirectOnPrinterOffline>true</RedirectOnPrinterOffline>
        <RedirectOnPrinterQueuePaused>true</RedirectOnPrinterQueuePaused>
      </RedirectionSettings>
      <UsesEPDI>false</UsesEPDI>
      <ForceUseLeadTools>false</ForceUseLeadTools>
      <VerifierDriverName />
      <VerifierInstanceId>0</VerifierInstanceId>
    </Printer>
    <Printer>
      <Name>A4_192.168.19.137</Name>
      <RedirectionSettings>
        <RedirectionPrinterName>A4_192.168.19.185</RedirectionPrinterName>
        <RedirectOnPrinterInErrorState>true</RedirectOnPrinterInErrorState>
        <RedirectOnPrinterOffline>true</RedirectOnPrinterOffline>
        <RedirectOnPrinterQueuePaused>true</RedirectOnPrinterQueuePaused>
      </RedirectionSettings>
      <SupportsDataSourcedCopies>true</SupportsDataSourcedCopies>
      <UsesEPDI>false</UsesEPDI>
      <ForceUseLeadTools>false</ForceUseLeadTools>
      <VerifierDriverName />
      <VerifierInstanceId>0</VerifierInstanceId>
    </Printer>
    <Printer>
      <Name>A4_192.168.19.139</Name>
      <RedirectionSettings>
        <RedirectionPrinterName>A4_192.168.19.185</RedirectionPrinterName>
        <RedirectOnPrinterInErrorState>true</RedirectOnPrinterInErrorState>
        <RedirectOnPrinterOffline>true</RedirectOnPrinterOffline>
        <RedirectOnPrinterQueuePaused>true</RedirectOnPrinterQueuePaused>
      </RedirectionSettings>
      <UsesEPDI>false</UsesEPDI>
      <ForceUseLeadTools>false</ForceUseLeadTools>
      <VerifierDriverName />
      <VerifierInstanceId>0</VerifierInstanceId>
    </Printer>
    <Printer>
      <Name>A4_192.168.19.143</Name>
      <RedirectionSettings>
        <RedirectOnPrinterQueuePaused>false</RedirectOnPrinterQueuePaused>
      </RedirectionSettings>
      <UsesEPDI>false</UsesEPDI>
      <ForceUseLeadTools>false</ForceUseLeadTools>
      <VerifierDriverName />
      <VerifierInstanceId>0</VerifierInstanceId>
    </Printer>
    <Printer>
      <Name>A4_192.168.19.201</Name>
      <RedirectionSettings>
        <RedirectionPrinterName>A4_192.168.19.185</RedirectionPrinterName>
        <RedirectOnPrinterInErrorState>true</RedirectOnPrinterInErrorState>
        <RedirectOnPrinterOffline>true</RedirectOnPrinterOffline>
        <RedirectOnPrinterQueuePaused>true</RedirectOnPrinterQueuePaused>
      </RedirectionSettings>
      <UsesEPDI>false</UsesEPDI>
      <ForceUseLeadTools>false</ForceUseLeadTools>
      <VerifierDriverName />
      <VerifierInstanceId>0</VerifierInstanceId>
    </Printer>
    <Printer>
      <Name>A4_192.168.19.203</Name>
      <RedirectionSettings>
        <RedirectionPrinterName>A4_192.168.19.185</RedirectionPrinterName>
        <RedirectOnPrinterInErrorState>true</RedirectOnPrinterInErrorState>
        <RedirectOnPrinterOffline>true</RedirectOnPrinterOffline>
        <RedirectOnPrinterQueuePaused>true</RedirectOnPrinterQueuePaused>
      </RedirectionSettings>
      <UsesEPDI>false</UsesEPDI>
      <ForceUseLeadTools>false</ForceUseLeadTools>
      <VerifierDriverName />
      <VerifierInstanceId>0</VerifierInstanceId>
    </Printer>
    <Printer>
      <Name>A4_192.168.19.205</Name>
      <RedirectionSettings>
        <RedirectionPrinterName>A4_192.168.19.185</RedirectionPrinterName>
        <RedirectOnPrinterInErrorState>true</RedirectOnPrinterInErrorState>
        <RedirectOnPrinterOffline>true</RedirectOnPrinterOffline>
        <RedirectOnPrinterQueuePaused>true</RedirectOnPrinterQueuePaused>
      </RedirectionSettings>
      <UsesEPDI>false</UsesEPDI>
      <ForceUseLeadTools>false</ForceUseLeadTools>
      <VerifierDriverName />
      <VerifierInstanceId>0</VerifierInstanceId>
    </Printer>
    <Printer>
      <Name>A4_192.168.19.207</Name>
      <RedirectionSettings>
        <RedirectionPrinterName>A4_192.168.19.185</RedirectionPrinterName>
        <RedirectOnPrinterInErrorState>true</RedirectOnPrinterInErrorState>
        <RedirectOnPrinterOffline>true</RedirectOnPrinterOffline>
        <RedirectOnPrinterQueuePaused>true</RedirectOnPrinterQueuePaused>
      </RedirectionSettings>
      <UsesEPDI>false</UsesEPDI>
      <ForceUseLeadTools>false</ForceUseLeadTools>
      <VerifierDriverName />
      <VerifierInstanceId>0</VerifierInstanceId>
    </Printer>
    <Printer>
      <Name>A4_192.168.19.209</Name>
      <RedirectionSettings>
        <RedirectionPrinterName>A4_192.168.19.185</RedirectionPrinterName>
        <RedirectOnPrinterInErrorState>true</RedirectOnPrinterInErrorState>
        <RedirectOnPrinterOffline>true</RedirectOnPrinterOffline>
        <RedirectOnPrinterQueuePaused>true</RedirectOnPrinterQueuePaused>
      </RedirectionSettings>
      <IgnoreReportedPageSizes>false</IgnoreReportedPageSizes>
      <UsesEPDI>false</UsesEPDI>
      <ForceUseLeadTools>false</ForceUseLeadTools>
      <VerifierDriverName />
      <VerifierInstanceId>0</VerifierInstanceId>
    </Printer>
    <Printer>
      <Name>A4_192.168.19.211</Name>
      <RedirectionSettings>
        <RedirectionPrinterName>A4_192.168.19.185</RedirectionPrinterName>
        <RedirectOnPrinterInErrorState>true</RedirectOnPrinterInErrorState>
        <RedirectOnPrinterOffline>true</RedirectOnPrinterOffline>
        <RedirectOnPrinterQueuePaused>true</RedirectOnPrinterQueuePaused>
      </RedirectionSettings>
      <SupportsDataSourcedCopies>true</SupportsDataSourcedCopies>
      <UsesEPDI>false</UsesEPDI>
      <ForceUseLeadTools>false</ForceUseLeadTools>
      <VerifierDriverName />
      <VerifierInstanceId>0</VerifierInstanceId>
    </Printer>
    <Printer>
      <Name>A4_192.168.19.213</Name>
      <RedirectionSettings>
        <RedirectionPrinterName>A4_192.168.19.185</RedirectionPrinterName>
        <RedirectOnPrinterInErrorState>true</RedirectOnPrinterInErrorState>
        <RedirectOnPrinterOffline>true</RedirectOnPrinterOffline>
        <RedirectOnPrinterQueuePaused>true</RedirectOnPrinterQueuePaused>
      </RedirectionSettings>
      <UsesEPDI>false</UsesEPDI>
      <ForceUseLeadTools>false</ForceUseLeadTools>
      <VerifierDriverName />
      <VerifierInstanceId>0</VerifierInstanceId>
    </Printer>
    <Printer>
      <Name>A4_192.168.19.215</Name>
      <RedirectionSettings>
        <RedirectionPrinterName>A4_192.168.19.185</RedirectionPrinterName>
        <RedirectOnPrinterInErrorState>true</RedirectOnPrinterInErrorState>
        <RedirectOnPrinterOffline>true</RedirectOnPrinterOffline>
        <RedirectOnPrinterQueuePaused>true</RedirectOnPrinterQueuePaused>
      </RedirectionSettings>
      <UsesEPDI>false</UsesEPDI>
      <ForceUseLeadTools>false</ForceUseLeadTools>
      <VerifierDriverName />
      <VerifierInstanceId>0</VerifierInstanceId>
    </Printer>
    <Printer>
      <Name>A4_192.168.19.217</Name>
      <RedirectionSettings>
        <RedirectionPrinterName>A4_192.168.19.185</RedirectionPrinterName>
        <RedirectOnPrinterInErrorState>true</RedirectOnPrinterInErrorState>
        <RedirectOnPrinterOffline>true</RedirectOnPrinterOffline>
        <RedirectOnPrinterQueuePaused>true</RedirectOnPrinterQueuePaused>
      </RedirectionSettings>
      <UsesEPDI>false</UsesEPDI>
      <ForceUseLeadTools>false</ForceUseLeadTools>
      <VerifierDriverName />
      <VerifierInstanceId>0</VerifierInstanceId>
    </Printer>
    <Printer>
      <Name>A4_192.168.19.219</Name>
      <RedirectionSettings>
        <RedirectionPrinterName>A4_192.168.19.185</RedirectionPrinterName>
        <RedirectOnPrinterInErrorState>true</RedirectOnPrinterInErrorState>
        <RedirectOnPrinterOffline>true</RedirectOnPrinterOffline>
        <RedirectOnPrinterQueuePaused>true</RedirectOnPrinterQueuePaused>
      </RedirectionSettings>
      <UsesEPDI>false</UsesEPDI>
      <ForceUseLeadTools>false</ForceUseLeadTools>
      <VerifierDriverName />
      <VerifierInstanceId>0</VerifierInstanceId>
    </Printer>
    <Printer>
      <Name>A4_192.168.19.221</Name>
      <RedirectionSettings>
        <RedirectionPrinterName>A4_192.168.19.185</RedirectionPrinterName>
        <RedirectOnPrinterInErrorState>true</RedirectOnPrinterInErrorState>
        <RedirectOnPrinterOffline>true</RedirectOnPrinterOffline>
        <RedirectOnPrinterQueuePaused>true</RedirectOnPrinterQueuePaused>
      </RedirectionSettings>
      <UsesEPDI>false</UsesEPDI>
      <ForceUseLeadTools>false</ForceUseLeadTools>
      <VerifierDriverName />
      <VerifierInstanceId>0</VerifierInstanceId>
    </Printer>
    <Printer>
      <Name>A4_192.168.19.223</Name>
      <RedirectionSettings>
        <RedirectionPrinterName>A4_192.168.19.185</RedirectionPrinterName>
        <RedirectOnPrinterInErrorState>true</RedirectOnPrinterInErrorState>
        <RedirectOnPrinterOffline>true</RedirectOnPrinterOffline>
        <RedirectOnPrinterQueuePaused>true</RedirectOnPrinterQueuePaused>
      </RedirectionSettings>
      <IgnoreReportedPageSizes>false</IgnoreReportedPageSizes>
      <UsesEPDI>false</UsesEPDI>
      <ForceUseLeadTools>false</ForceUseLeadTools>
      <VerifierDriverName />
      <VerifierInstanceId>0</VerifierInstanceId>
    </Printer>
    <Printer>
      <Name>A4_192.168.19.46</Name>
      <RedirectionSettings>
        <RedirectionPrinterName>Default</RedirectionPrinterName>
      </RedirectionSettings>
      <UsesEPDI>false</UsesEPDI>
      <ForceUseLeadTools>false</ForceUseLeadTools>
      <VerifierDriverName />
      <VerifierInstanceId>0</VerifierInstanceId>
    </Printer>
    <Printer>
      <Name>A4_192.168.19.47</Name>
      <RedirectionSettings>
        <RedirectionPrinterName>Default</RedirectionPrinterName>
      </RedirectionSettings>
      <UsesEPDI>false</UsesEPDI>
      <ForceUseLeadTools>false</ForceUseLeadTools>
      <VerifierDriverName />
      <VerifierInstanceId>0</VerifierInstanceId>
    </Printer>
    <Printer>
      <Name>A4_192.168.19.48</Name>
      <RedirectionSettings>
        <RedirectionPrinterName>Default</RedirectionPrinterName>
      </RedirectionSettings>
      <UsesEPDI>false</UsesEPDI>
      <ForceUseLeadTools>false</ForceUseLeadTools>
      <VerifierDriverName />
      <VerifierInstanceId>0</VerifierInstanceId>
    </Printer>
    <Printer>
      <Name>A4_192.168.19.49</Name>
      <RedirectionSettings>
        <RedirectionPrinterName>Default</RedirectionPrinterName>
      </RedirectionSettings>
      <UsesEPDI>false</UsesEPDI>
      <ForceUseLeadTools>false</ForceUseLeadTools>
      <VerifierDriverName />
      <VerifierInstanceId>0</VerifierInstanceId>
    </Printer>
    <Printer>
      <Name>A4_192.168.19.70</Name>
      <RedirectionSettings>
        <RedirectionPrinterName>Default</RedirectionPrinterName>
      </RedirectionSettings>
      <UsesEPDI>false</UsesEPDI>
      <ForceUseLeadTools>false</ForceUseLeadTools>
      <VerifierDriverName />
      <VerifierInstanceId>0</VerifierInstanceId>
    </Printer>
    <Printer>
      <Name>A4_192.168.19.71</Name>
      <RedirectionSettings>
        <RedirectionPrinterName>Default</RedirectionPrinterName>
      </RedirectionSettings>
      <UsesEPDI>false</UsesEPDI>
      <ForceUseLeadTools>false</ForceUseLeadTools>
      <VerifierDriverName />
      <VerifierInstanceId>0</VerifierInstanceId>
    </Printer>
    <Printer>
      <Name>A4_192.168.19.72</Name>
      <RedirectionSettings>
        <RedirectionPrinterName>Default</RedirectionPrinterName>
        <RedirectOnPrinterQueuePaused>false</RedirectOnPrinterQueuePaused>
      </RedirectionSettings>
      <UsesEPDI>false</UsesEPDI>
      <ForceUseLeadTools>false</ForceUseLeadTools>
      <VerifierDriverName />
      <VerifierInstanceId>0</VerifierInstanceId>
    </Printer>
    <Printer>
      <Name>A4_192.168.19.73</Name>
      <RedirectionSettings>
        <RedirectionPrinterName>Default</RedirectionPrinterName>
        <RedirectOnPrinterOffline>true</RedirectOnPrinterOffline>
      </RedirectionSettings>
      <UsesEPDI>false</UsesEPDI>
      <ForceUseLeadTools>false</ForceUseLeadTools>
      <VerifierDriverName />
      <VerifierInstanceId>0</VerifierInstanceId>
    </Printer>
    <Printer>
      <Name>A4_192.168.19.74</Name>
      <RedirectionSettings>
        <RedirectionPrinterName>Default</RedirectionPrinterName>
      </RedirectionSettings>
      <UsesEPDI>false</UsesEPDI>
      <ForceUseLeadTools>false</ForceUseLeadTools>
      <VerifierDriverName />
      <VerifierInstanceId>0</VerifierInstanceId>
    </Printer>
    <Printer>
      <Name>A4_192.168.19.75</Name>
      <RedirectionSettings>
        <RedirectionPrinterName>Default</RedirectionPrinterName>
      </RedirectionSettings>
      <UsesEPDI>false</UsesEPDI>
      <ForceUseLeadTools>false</ForceUseLeadTools>
      <VerifierDriverName />
      <VerifierInstanceId>0</VerifierInstanceId>
    </Printer>
    <Printer>
      <Name>A4_192.168.19.76</Name>
      <RedirectionSettings>
        <RedirectionPrinterName>Default</RedirectionPrinterName>
      </RedirectionSettings>
      <UsesEPDI>false</UsesEPDI>
      <ForceUseLeadTools>false</ForceUseLeadTools>
      <VerifierDriverName />
      <VerifierInstanceId>0</VerifierInstanceId>
    </Printer>
    <Printer>
      <Name>A4_192.168.19.82</Name>
      <RedirectionSettings>
        <RedirectionPrinterName>Default</RedirectionPrinterName>
      </RedirectionSettings>
      <UsesEPDI>false</UsesEPDI>
      <ForceUseLeadTools>false</ForceUseLeadTools>
      <VerifierDriverName />
      <VerifierInstanceId>0</VerifierInstanceId>
    </Printer>
    <Printer>
      <Name>A4_192.168.19.84</Name>
      <RedirectionSettings>
        <RedirectionPrinterName>Default</RedirectionPrinterName>
      </RedirectionSettings>
      <UsesEPDI>false</UsesEPDI>
      <ForceUseLeadTools>false</ForceUseLeadTools>
      <VerifierDriverName />
      <VerifierInstanceId>0</VerifierInstanceId>
    </Printer>
    <Printer>
      <Name>A4_192.168.19.86</Name>
      <RedirectionSettings>
        <RedirectionPrinterName>Default</RedirectionPrinterName>
      </RedirectionSettings>
      <UsesEPDI>false</UsesEPDI>
      <ForceUseLeadTools>false</ForceUseLeadTools>
      <VerifierDriverName />
      <VerifierInstanceId>0</VerifierInstanceId>
    </Printer>
    <Printer>
      <Name>A4_192.168.19.88</Name>
      <RedirectionSettings>
        <RedirectionPrinterName>Default</RedirectionPrinterName>
      </RedirectionSettings>
      <UsesEPDI>false</UsesEPDI>
      <ForceUseLeadTools>false</ForceUseLeadTools>
      <VerifierDriverName />
      <VerifierInstanceId>0</VerifierInstanceId>
    </Printer>
    <Printer>
      <Name>A4_192.168.19.90</Name>
      <RedirectionSettings>
        <RedirectionPrinterName>Default</RedirectionPrinterName>
      </RedirectionSettings>
      <UsesEPDI>false</UsesEPDI>
      <ForceUseLeadTools>false</ForceUseLeadTools>
      <VerifierDriverName />
      <VerifierInstanceId>0</VerifierInstanceId>
    </Printer>
    <Printer>
      <Name>A4_192.168.19.92</Name>
      <RedirectionSettings>
        <RedirectionPrinterName>Default</RedirectionPrinterName>
      </RedirectionSettings>
      <UsesEPDI>false</UsesEPDI>
      <ForceUseLeadTools>false</ForceUseLeadTools>
      <VerifierDriverName />
      <VerifierInstanceId>0</VerifierInstanceId>
    </Printer>
    <Printer>
      <Name>A4_192.168.19.94</Name>
      <RedirectionSettings>
        <RedirectionPrinterName>Default</RedirectionPrinterName>
      </RedirectionSettings>
      <UsesEPDI>false</UsesEPDI>
      <ForceUseLeadTools>false</ForceUseLeadTools>
      <VerifierDriverName />
      <VerifierInstanceId>0</VerifierInstanceId>
    </Printer>
    <Printer>
      <Name>A4_192.168.19.96</Name>
      <RedirectionSettings>
        <RedirectionPrinterName>Default</RedirectionPrinterName>
        <RedirectOnPrinterOffline>false</RedirectOnPrinterOffline>
      </RedirectionSettings>
      <UsesEPDI>false</UsesEPDI>
      <ForceUseLeadTools>false</ForceUseLeadTools>
      <VerifierDriverName />
      <VerifierInstanceId>0</VerifierInstanceId>
    </Printer>
    <Printer>
      <Name>Ec_192.168.19.100</Name>
      <RedirectionSettings>
        <RedirectionPrinterName>Ec_192.168.19.184</RedirectionPrinterName>
        <RedirectOnPrinterInErrorState>true</RedirectOnPrinterInErrorState>
        <RedirectOnPrinterOffline>true</RedirectOnPrinterOffline>
        <RedirectOnPrinterQueuePaused>true</RedirectOnPrinterQueuePaused>
      </RedirectionSettings>
      <UsesEPDI>false</UsesEPDI>
      <ForceUseLeadTools>false</ForceUseLeadTools>
      <VerifierDriverName />
      <VerifierInstanceId>0</VerifierInstanceId>
    </Printer>
    <Printer>
      <Name>Ec_192.168.19.102</Name>
      <RedirectionSettings>
        <RedirectionPrinterName>Ec_192.168.19.184</RedirectionPrinterName>
        <RedirectOnPrinterInErrorState>true</RedirectOnPrinterInErrorState>
        <RedirectOnPrinterOffline>true</RedirectOnPrinterOffline>
        <RedirectOnPrinterQueuePaused>true</RedirectOnPrinterQueuePaused>
      </RedirectionSettings>
      <UsesEPDI>false</UsesEPDI>
      <ForceUseLeadTools>false</ForceUseLeadTools>
      <VerifierDriverName />
      <VerifierInstanceId>0</VerifierInstanceId>
    </Printer>
    <Printer>
      <Name>Ec_192.168.19.104</Name>
      <RedirectionSettings>
        <RedirectionPrinterName>Ec_192.168.19.184</RedirectionPrinterName>
        <RedirectOnPrinterInErrorState>true</RedirectOnPrinterInErrorState>
        <RedirectOnPrinterOffline>true</RedirectOnPrinterOffline>
        <RedirectOnPrinterQueuePaused>true</RedirectOnPrinterQueuePaused>
      </RedirectionSettings>
      <UsesEPDI>false</UsesEPDI>
      <ForceUseLeadTools>false</ForceUseLeadTools>
      <VerifierDriverName />
      <VerifierInstanceId>0</VerifierInstanceId>
    </Printer>
    <Printer>
      <Name>Ec_192.168.19.106</Name>
      <RedirectionSettings>
        <RedirectionPrinterName>Ec_192.168.19.184</RedirectionPrinterName>
        <RedirectOnPrinterInErrorState>true</RedirectOnPrinterInErrorState>
        <RedirectOnPrinterOffline>true</RedirectOnPrinterOffline>
        <RedirectOnPrinterQueuePaused>true</RedirectOnPrinterQueuePaused>
      </RedirectionSettings>
      <UsesEPDI>false</UsesEPDI>
      <ForceUseLeadTools>false</ForceUseLeadTools>
      <VerifierDriverName />
      <VerifierInstanceId>0</VerifierInstanceId>
    </Printer>
    <Printer>
      <Name>Ec_192.168.19.108</Name>
      <RedirectionSettings>
        <RedirectionPrinterName>Ec_192.168.19.184</RedirectionPrinterName>
        <RedirectOnPrinterInErrorState>true</RedirectOnPrinterInErrorState>
        <RedirectOnPrinterOffline>true</RedirectOnPrinterOffline>
        <RedirectOnPrinterQueuePaused>true</RedirectOnPrinterQueuePaused>
      </RedirectionSettings>
      <UsesEPDI>false</UsesEPDI>
      <ForceUseLeadTools>false</ForceUseLeadTools>
      <VerifierDriverName />
      <VerifierInstanceId>0</VerifierInstanceId>
    </Printer>
    <Printer>
      <Name>Ec_192.168.19.110</Name>
      <RedirectionSettings>
        <RedirectionPrinterName>Ec_192.168.19.184</RedirectionPrinterName>
        <RedirectOnPrinterInErrorState>true</RedirectOnPrinterInErrorState>
        <RedirectOnPrinterOffline>true</RedirectOnPrinterOffline>
        <RedirectOnPrinterQueuePaused>true</RedirectOnPrinterQueuePaused>
      </RedirectionSettings>
      <UsesEPDI>false</UsesEPDI>
      <ForceUseLeadTools>false</ForceUseLeadTools>
      <VerifierDriverName />
      <VerifierInstanceId>0</VerifierInstanceId>
    </Printer>
    <Printer>
      <Name>Ec_192.168.19.112</Name>
      <RedirectionSettings>
        <RedirectionPrinterName>Ec_192.168.19.184</RedirectionPrinterName>
        <RedirectOnPrinterInErrorState>true</RedirectOnPrinterInErrorState>
        <RedirectOnPrinterOffline>true</RedirectOnPrinterOffline>
        <RedirectOnPrinterQueuePaused>true</RedirectOnPrinterQueuePaused>
      </RedirectionSettings>
      <SupportsDataSourcedCopies>true</SupportsDataSourcedCopies>
      <UsesEPDI>false</UsesEPDI>
      <ForceUseLeadTools>false</ForceUseLeadTools>
      <NewDeviceContext>false</NewDeviceContext>
      <MediaType>Roll</MediaType>
      <VerifierDriverName />
      <VerifierInstanceId>0</VerifierInstanceId>
    </Printer>
    <Printer>
      <Name>Ec_192.168.19.114</Name>
      <RedirectionSettings>
        <RedirectionPrinterName>Ec_192.168.19.184</RedirectionPrinterName>
        <RedirectOnPrinterInErrorState>true</RedirectOnPrinterInErrorState>
        <RedirectOnPrinterOffline>true</RedirectOnPrinterOffline>
        <RedirectOnPrinterQueuePaused>true</RedirectOnPrinterQueuePaused>
      </RedirectionSettings>
      <UsesEPDI>false</UsesEPDI>
      <ForceUseLeadTools>false</ForceUseLeadTools>
      <VerifierDriverName />
      <VerifierInstanceId>0</VerifierInstanceId>
    </Printer>
    <Printer>
      <Name>EC_192.168.19.130</Name>
      <RedirectionSettings>
        <RedirectionPrinterName>Ec_192.168.19.184</RedirectionPrinterName>
        <RedirectOnPrinterInErrorState>true</RedirectOnPrinterInErrorState>
        <RedirectOnPrinterOffline>true</RedirectOnPrinterOffline>
        <RedirectOnPrinterQueuePaused>true</RedirectOnPrinterQueuePaused>
      </RedirectionSettings>
      <UsesEPDI>false</UsesEPDI>
      <ForceUseLeadTools>false</ForceUseLeadTools>
      <VerifierDriverName />
      <VerifierInstanceId>0</VerifierInstanceId>
    </Printer>
    <Printer>
      <Name>Ec_192.168.19.132</Name>
      <RedirectionSettings>
        <RedirectionPrinterName>Ec_192.168.19.184</RedirectionPrinterName>
        <RedirectOnPrinterInErrorState>true</RedirectOnPrinterInErrorState>
        <RedirectOnPrinterOffline>true</RedirectOnPrinterOffline>
        <RedirectOnPrinterQueuePaused>true</RedirectOnPrinterQueuePaused>
      </RedirectionSettings>
      <UsesEPDI>false</UsesEPDI>
      <ForceUseLeadTools>false</ForceUseLeadTools>
      <VerifierDriverName />
      <VerifierInstanceId>0</VerifierInstanceId>
    </Printer>
    <Printer>
      <Name>Ec_192.168.19.134</Name>
      <RedirectionSettings>
        <RedirectionPrinterName>Ec_192.168.19.184</RedirectionPrinterName>
        <RedirectOnPrinterInErrorState>true</RedirectOnPrinterInErrorState>
        <RedirectOnPrinterOffline>true</RedirectOnPrinterOffline>
        <RedirectOnPrinterQueuePaused>true</RedirectOnPrinterQueuePaused>
      </RedirectionSettings>
      <UsesEPDI>false</UsesEPDI>
      <ForceUseLeadTools>false</ForceUseLeadTools>
      <VerifierDriverName />
      <VerifierInstanceId>0</VerifierInstanceId>
    </Printer>
    <Printer>
      <Name>Ec_192.168.19.136</Name>
      <RedirectionSettings>
        <RedirectionPrinterName>Ec_192.168.19.184</RedirectionPrinterName>
        <RedirectOnPrinterInErrorState>true</RedirectOnPrinterInErrorState>
        <RedirectOnPrinterOffline>true</RedirectOnPrinterOffline>
        <RedirectOnPrinterQueuePaused>true</RedirectOnPrinterQueuePaused>
      </RedirectionSettings>
      <UsesEPDI>false</UsesEPDI>
      <ForceUseLeadTools>false</ForceUseLeadTools>
      <VerifierDriverName />
      <VerifierInstanceId>0</VerifierInstanceId>
    </Printer>
    <Printer>
      <Name>Ec_192.168.19.138</Name>
      <RedirectionSettings>
        <RedirectionPrinterName>Ec_192.168.19.184</RedirectionPrinterName>
        <RedirectOnPrinterInErrorState>true</RedirectOnPrinterInErrorState>
        <RedirectOnPrinterOffline>true</RedirectOnPrinterOffline>
        <RedirectOnPrinterQueuePaused>true</RedirectOnPrinterQueuePaused>
      </RedirectionSettings>
      <UsesEPDI>false</UsesEPDI>
      <ForceUseLeadTools>false</ForceUseLeadTools>
      <VerifierDriverName />
      <VerifierInstanceId>0</VerifierInstanceId>
    </Printer>
    <Printer>
      <Name>Ec_192.168.19.140</Name>
      <RedirectionSettings>
        <RedirectionPrinterName>Ec_192.168.19.184</RedirectionPrinterName>
        <RedirectOnPrinterInErrorState>true</RedirectOnPrinterInErrorState>
        <RedirectOnPrinterOffline>true</RedirectOnPrinterOffline>
        <RedirectOnPrinterQueuePaused>true</RedirectOnPrinterQueuePaused>
      </RedirectionSettings>
      <UsesEPDI>false</UsesEPDI>
      <ForceUseLeadTools>false</ForceUseLeadTools>
      <VerifierDriverName />
      <VerifierInstanceId>0</VerifierInstanceId>
    </Printer>
    <Printer>
      <Name>Ec_192.168.19.184</Name>
      <RedirectionSettings>
        <RedirectOnPrinterInErrorState>false</RedirectOnPrinterInErrorState>
        <RedirectOnPrinterOffline>false</RedirectOnPrinterOffline>
        <RedirectOnPrinterQueuePaused>false</RedirectOnPrinterQueuePaused>
      </RedirectionSettings>
      <UsesEPDI>false</UsesEPDI>
      <ForceUseLeadTools>false</ForceUseLeadTools>
      <VerifierDriverName />
      <VerifierInstanceId>0</VerifierInstanceId>
    </Printer>
    <Printer>
      <Name>EC_192.168.19.195</Name>
      <RedirectionSettings>
        <RedirectionPrinterName>Ec_192.168.19.184</RedirectionPrinterName>
        <RedirectOnPrinterInErrorState>true</RedirectOnPrinterInErrorState>
        <RedirectOnPrinterOffline>true</RedirectOnPrinterOffline>
        <RedirectOnPrinterQueuePaused>true</RedirectOnPrinterQueuePaused>
      </RedirectionSettings>
      <UsesEPDI>false</UsesEPDI>
      <ForceUseLeadTools>false</ForceUseLeadTools>
      <VerifierDriverName />
      <VerifierInstanceId>0</VerifierInstanceId>
    </Printer>
    <Printer>
      <Name>Ec_192.168.19.200</Name>
      <RedirectionSettings>
        <RedirectionPrinterName>Ec_192.168.19.184</RedirectionPrinterName>
        <RedirectOnPrinterInErrorState>true</RedirectOnPrinterInErrorState>
        <RedirectOnPrinterOffline>true</RedirectOnPrinterOffline>
        <RedirectOnPrinterQueuePaused>true</RedirectOnPrinterQueuePaused>
      </RedirectionSettings>
      <UsesEPDI>false</UsesEPDI>
      <ForceUseLeadTools>false</ForceUseLeadTools>
      <VerifierDriverName />
      <VerifierInstanceId>0</VerifierInstanceId>
    </Printer>
    <Printer>
      <Name>Ec_192.168.19.202</Name>
      <RedirectionSettings>
        <RedirectionPrinterName>Ec_192.168.19.184</RedirectionPrinterName>
        <RedirectOnPrinterInErrorState>true</RedirectOnPrinterInErrorState>
        <RedirectOnPrinterOffline>true</RedirectOnPrinterOffline>
        <RedirectOnPrinterQueuePaused>true</RedirectOnPrinterQueuePaused>
      </RedirectionSettings>
      <UsesEPDI>false</UsesEPDI>
      <ForceUseLeadTools>false</ForceUseLeadTools>
      <VerifierDriverName />
      <VerifierInstanceId>0</VerifierInstanceId>
    </Printer>
    <Printer>
      <Name>Ec_192.168.19.204</Name>
      <RedirectionSettings>
        <RedirectionPrinterName>Ec_192.168.19.184</RedirectionPrinterName>
        <RedirectOnPrinterInErrorState>true</RedirectOnPrinterInErrorState>
        <RedirectOnPrinterOffline>true</RedirectOnPrinterOffline>
        <RedirectOnPrinterQueuePaused>true</RedirectOnPrinterQueuePaused>
      </RedirectionSettings>
      <UsesEPDI>false</UsesEPDI>
      <ForceUseLeadTools>false</ForceUseLeadTools>
      <VerifierDriverName />
      <VerifierInstanceId>0</VerifierInstanceId>
    </Printer>
    <Printer>
      <Name>Ec_192.168.19.206</Name>
      <RedirectionSettings>
        <RedirectionPrinterName>Ec_192.168.19.184</RedirectionPrinterName>
        <RedirectOnPrinterInErrorState>true</RedirectOnPrinterInErrorState>
        <RedirectOnPrinterOffline>true</RedirectOnPrinterOffline>
        <RedirectOnPrinterQueuePaused>true</RedirectOnPrinterQueuePaused>
      </RedirectionSettings>
      <UsesEPDI>false</UsesEPDI>
      <ForceUseLeadTools>false</ForceUseLeadTools>
      <VerifierDriverName />
      <VerifierInstanceId>0</VerifierInstanceId>
    </Printer>
    <Printer>
      <Name>Ec_192.168.19.208</Name>
      <RedirectionSettings>
        <RedirectionPrinterName>Ec_192.168.19.184</RedirectionPrinterName>
        <RedirectOnPrinterInErrorState>true</RedirectOnPrinterInErrorState>
        <RedirectOnPrinterOffline>true</RedirectOnPrinterOffline>
        <RedirectOnPrinterQueuePaused>true</RedirectOnPrinterQueuePaused>
      </RedirectionSettings>
      <UsesEPDI>false</UsesEPDI>
      <ForceUseLeadTools>false</ForceUseLeadTools>
      <VerifierDriverName />
      <VerifierInstanceId>0</VerifierInstanceId>
    </Printer>
    <Printer>
      <Name>Ec_192.168.19.210</Name>
      <RedirectionSettings>
        <RedirectionPrinterName>Ec_192.168.19.184</RedirectionPrinterName>
        <RedirectOnPrinterInErrorState>true</RedirectOnPrinterInErrorState>
        <RedirectOnPrinterOffline>true</RedirectOnPrinterOffline>
        <RedirectOnPrinterQueuePaused>true</RedirectOnPrinterQueuePaused>
      </RedirectionSettings>
      <UsesEPDI>false</UsesEPDI>
      <ForceUseLeadTools>false</ForceUseLeadTools>
      <VerifierDriverName />
      <VerifierInstanceId>0</VerifierInstanceId>
    </Printer>
    <Printer>
      <Name>Ec_192.168.19.212</Name>
      <RedirectionSettings>
        <RedirectionPrinterName>Ec_192.168.19.184</RedirectionPrinterName>
        <RedirectOnPrinterInErrorState>true</RedirectOnPrinterInErrorState>
        <RedirectOnPrinterOffline>true</RedirectOnPrinterOffline>
        <RedirectOnPrinterQueuePaused>true</RedirectOnPrinterQueuePaused>
      </RedirectionSettings>
      <UsesEPDI>false</UsesEPDI>
      <ForceUseLeadTools>false</ForceUseLeadTools>
      <VerifierDriverName />
      <VerifierInstanceId>0</VerifierInstanceId>
    </Printer>
    <Printer>
      <Name>Ec_192.168.19.214</Name>
      <RedirectionSettings>
        <RedirectionPrinterName>Ec_192.168.19.184</RedirectionPrinterName>
        <RedirectOnPrinterInErrorState>true</RedirectOnPrinterInErrorState>
        <RedirectOnPrinterOffline>true</RedirectOnPrinterOffline>
        <RedirectOnPrinterQueuePaused>true</RedirectOnPrinterQueuePaused>
      </RedirectionSettings>
      <UsesEPDI>false</UsesEPDI>
      <ForceUseLeadTools>false</ForceUseLeadTools>
      <VerifierDriverName />
      <VerifierInstanceId>0</VerifierInstanceId>
    </Printer>
    <Printer>
      <Name>Ec_192.168.19.216</Name>
      <RedirectionSettings>
        <RedirectionPrinterName>Ec_192.168.19.184</RedirectionPrinterName>
        <RedirectOnPrinterInErrorState>true</RedirectOnPrinterInErrorState>
        <RedirectOnPrinterOffline>true</RedirectOnPrinterOffline>
        <RedirectOnPrinterQueuePaused>true</RedirectOnPrinterQueuePaused>
      </RedirectionSettings>
      <UsesEPDI>false</UsesEPDI>
      <ForceUseLeadTools>false</ForceUseLeadTools>
      <VerifierDriverName />
      <VerifierInstanceId>0</VerifierInstanceId>
    </Printer>
    <Printer>
      <Name>Ec_192.168.19.218</Name>
      <RedirectionSettings>
        <RedirectionPrinterName>Ec_192.168.19.184</RedirectionPrinterName>
        <RedirectOnPrinterInErrorState>true</RedirectOnPrinterInErrorState>
        <RedirectOnPrinterOffline>true</RedirectOnPrinterOffline>
        <RedirectOnPrinterQueuePaused>true</RedirectOnPrinterQueuePaused>
      </RedirectionSettings>
      <UsesEPDI>false</UsesEPDI>
      <ForceUseLeadTools>false</ForceUseLeadTools>
      <VerifierDriverName />
      <VerifierInstanceId>0</VerifierInstanceId>
    </Printer>
    <Printer>
      <Name>Ec_192.168.19.220</Name>
      <RedirectionSettings>
        <RedirectionPrinterName>Ec_192.168.19.184</RedirectionPrinterName>
        <RedirectOnPrinterInErrorState>true</RedirectOnPrinterInErrorState>
        <RedirectOnPrinterOffline>true</RedirectOnPrinterOffline>
        <RedirectOnPrinterQueuePaused>true</RedirectOnPrinterQueuePaused>
      </RedirectionSettings>
      <UsesEPDI>false</UsesEPDI>
      <ForceUseLeadTools>false</ForceUseLeadTools>
      <VerifierDriverName />
      <VerifierInstanceId>0</VerifierInstanceId>
    </Printer>
    <Printer>
      <Name>Ec_192.168.19.222</Name>
      <RedirectionSettings>
        <RedirectionPrinterName>Ec_192.168.19.184</RedirectionPrinterName>
        <RedirectOnPrinterInErrorState>true</RedirectOnPrinterInErrorState>
        <RedirectOnPrinterOffline>true</RedirectOnPrinterOffline>
        <RedirectOnPrinterQueuePaused>true</RedirectOnPrinterQueuePaused>
      </RedirectionSettings>
      <UsesEPDI>false</UsesEPDI>
      <ForceUseLeadTools>false</ForceUseLeadTools>
      <VerifierDriverName />
      <VerifierInstanceId>0</VerifierInstanceId>
    </Printer>
    <Printer>
      <Name>iR-ADV C5860</Name>
      <RedirectionSettings>
        <RedirectionPrinterName>PR_192.168.19.5_5.5X6</RedirectionPrinterName>
      </RedirectionSettings>
      <UsesEPDI>false</UsesEPDI>
      <ForceUseLeadTools>false</ForceUseLeadTools>
      <VerifierDriverName />
      <VerifierInstanceId>0</VerifierInstanceId>
    </Printer>
    <Printer>
      <Name>PR_192.168.19.4_5.5X6</Name>
      <RedirectionSettings>
        <RedirectionPrinterName>PR_192.168.19.5_5.5X6</RedirectionPrinterName>
        <RedirectOnPrinterInErrorState>true</RedirectOnPrinterInErrorState>
        <RedirectOnPrinterOffline>true</RedirectOnPrinterOffline>
      </RedirectionSettings>
      <SupportsDataSourcedCopies>true</SupportsDataSourcedCopies>
      <IgnoreReportedPageSizes>false</IgnoreReportedPageSizes>
      <UsesEPDI>false</UsesEPDI>
      <ForceUseLeadTools>false</ForceUseLeadTools>
      <NewDeviceContext>false</NewDeviceContext>
      <VerifierDriverName />
      <VerifierInstanceId>0</VerifierInstanceId>
    </Printer>
    <Printer>
      <Name>PR_192.168.19.5_5.5X6</Name>
      <PreventPrinterUsage>false</PreventPrinterUsage>
      <RedirectionSettings>
        <RedirectionPrinterName>PR_192.168.19.4_5.5X6</RedirectionPrinterName>
        <RedirectOnPrinterInErrorState>true</RedirectOnPrinterInErrorState>
        <RedirectOnPrinterOffline>true</RedirectOnPrinterOffline>
        <RedirectOnPrinterQueuePaused>false</RedirectOnPrinterQueuePaused>
      </RedirectionSettings>
      <SupportsDataSourcedCopies>true</SupportsDataSourcedCopies>
      <IgnoreReportedPageSizes>false</IgnoreReportedPageSizes>
      <UsesEPDI>false</UsesEPDI>
      <ForceUseLeadTools>false</ForceUseLeadTools>
      <NewDeviceContext>false</NewDeviceContext>
      <VerifierDriverName />
      <VerifierInstanceId>0</VerifierInstanceId>
    </Printer>
  </Printers>
</PrinterSettings>