﻿<?xml version="1.0" encoding="UTF-8"?><OrderDoc><DocHead><DocNo>7850012023062828</DocNo><DocDate>2023-06-28</DocDate><ParentId>785</ParentId></DocHead><DocContent><Order><EshopId>001</EshopId><OPMode>A</OPMode><EshopOrderNo>202306289618701</EshopOrderNo><EshopOrderDate>2023-06-28</EshopOrderDate><ServiceType>1</ServiceType><ShopperName>楊雅潔</ShopperName><ShopperPhone> </ShopperPhone><ShopperMobilPhone> </ShopperMobilPhone><ShopperEmail> </ShopperEmail><ReceiverName>楊雅潔</ReceiverName><ReceiverPhone> </ReceiverPhone><ReceiverMobilPhone>337</ReceiverMobilPhone><ReceiverEmail> </ReceiverEmail><ReceiverIDNumber> </ReceiverIDNumber><OrderAmount>699</OrderAmount><OrderDetail><ProductId> </ProductId><ProductName> </ProductName><Quantity> </Quantity><Unit> </Unit><UnitPrice> </UnitPrice></OrderDetail><ShipmentDetail><ShipmentNo>11225440</ShipmentNo><ShipDate>2023-06-28</ShipDate><ReturnDate>2023-07-06</ReturnDate><LastShipment>Y</LastShipment><ShipmentAmount>542</ShipmentAmount><StoreId>240798</StoreId><EshopType>04</EshopType></ShipmentDetail></Order><Order><EshopId>001</EshopId><OPMode>A</OPMode><EshopOrderNo>202306289875001</EshopOrderNo><EshopOrderDate>2023-06-28</EshopOrderDate><ServiceType>1</ServiceType><ShopperName>陳沛綸</ShopperName><ShopperPhone> </ShopperPhone><ShopperMobilPhone> </ShopperMobilPhone><ShopperEmail> </ShopperEmail><ReceiverName>陳沛綸</ReceiverName><ReceiverPhone> </ReceiverPhone><ReceiverMobilPhone>593</ReceiverMobilPhone><ReceiverEmail> </ReceiverEmail><ReceiverIDNumber> </ReceiverIDNumber><OrderAmount>1214</OrderAmount><OrderDetail><ProductId> </ProductId><ProductName> </ProductName><Quantity> </Quantity><Unit> </Unit><UnitPrice> </UnitPrice></OrderDetail><ShipmentDetail><ShipmentNo>11225441</ShipmentNo><ShipDate>2023-06-28</ShipDate><ReturnDate>2023-07-06</ReturnDate><LastShipment>Y</LastShipment><ShipmentAmount>1214</ShipmentAmount><StoreId>209546</StoreId><EshopType>04</EshopType></ShipmentDetail></Order><Order><EshopId>001</EshopId><OPMode>A</OPMode><EshopOrderNo>202306289875401</EshopOrderNo><EshopOrderDate>2023-06-28</EshopOrderDate><ServiceType>3</ServiceType><ShopperName>林裕安</ShopperName><ShopperPhone> </ShopperPhone><ShopperMobilPhone> </ShopperMobilPhone><ShopperEmail> </ShopperEmail><ReceiverName>林裕安</ReceiverName><ReceiverPhone> </ReceiverPhone><ReceiverMobilPhone>055</ReceiverMobilPhone><ReceiverEmail> </ReceiverEmail><ReceiverIDNumber> </ReceiverIDNumber><OrderAmount>856</OrderAmount><OrderDetail><ProductId> </ProductId><ProductName> </ProductName><Quantity> </Quantity><Unit> </Unit><UnitPrice> </UnitPrice></OrderDetail><ShipmentDetail><ShipmentNo>11225442</ShipmentNo><ShipDate>2023-06-28</ShipDate><ReturnDate>2023-07-06</ReturnDate><LastShipment>Y</LastShipment><ShipmentAmount>856</ShipmentAmount><StoreId>202497</StoreId><EshopType>04</EshopType></ShipmentDetail></Order><Order><EshopId>001</EshopId><OPMode>A</OPMode><EshopOrderNo>202306280329701</EshopOrderNo><EshopOrderDate>2023-06-28</EshopOrderDate><ServiceType>1</ServiceType><ShopperName>陳湘婷</ShopperName><ShopperPhone> </ShopperPhone><ShopperMobilPhone> </ShopperMobilPhone><ShopperEmail> </ShopperEmail><ReceiverName>陳湘婷</ReceiverName><ReceiverPhone> </ReceiverPhone><ReceiverMobilPhone>390</ReceiverMobilPhone><ReceiverEmail> </ReceiverEmail><ReceiverIDNumber> </ReceiverIDNumber><OrderAmount>499</OrderAmount><OrderDetail><ProductId> </ProductId><ProductName> </ProductName><Quantity> </Quantity><Unit> </Unit><UnitPrice> </UnitPrice></OrderDetail><ShipmentDetail><ShipmentNo>11225443</ShipmentNo><ShipDate>2023-06-28</ShipDate><ReturnDate>2023-07-06</ReturnDate><LastShipment>Y</LastShipment><ShipmentAmount>499</ShipmentAmount><StoreId>870788</StoreId><EshopType>04</EshopType></ShipmentDetail></Order><Order><EshopId>001</EshopId><OPMode>A</OPMode><EshopOrderNo>202306281436001</EshopOrderNo><EshopOrderDate>2023-06-28</EshopOrderDate><ServiceType>3</ServiceType><ShopperName>林柏亨</ShopperName><ShopperPhone> </ShopperPhone><ShopperMobilPhone> </ShopperMobilPhone><ShopperEmail> </ShopperEmail><ReceiverName>林柏亨</ReceiverName><ReceiverPhone> </ReceiverPhone><ReceiverMobilPhone>960</ReceiverMobilPhone><ReceiverEmail> </ReceiverEmail><ReceiverIDNumber> </ReceiverIDNumber><OrderAmount>656</OrderAmount><OrderDetail><ProductId> </ProductId><ProductName> </ProductName><Quantity> </Quantity><Unit> </Unit><UnitPrice> </UnitPrice></OrderDetail><ShipmentDetail><ShipmentNo>11225444</ShipmentNo><ShipDate>2023-06-28</ShipDate><ReturnDate>2023-07-06</ReturnDate><LastShipment>Y</LastShipment><ShipmentAmount>656</ShipmentAmount><StoreId>143183</StoreId><EshopType>04</EshopType></ShipmentDetail></Order><Order><EshopId>001</EshopId><OPMode>A</OPMode><EshopOrderNo>202306281549701</EshopOrderNo><EshopOrderDate>2023-06-28</EshopOrderDate><ServiceType>3</ServiceType><ShopperName>蔡旻螢</ShopperName><ShopperPhone> </ShopperPhone><ShopperMobilPhone> </ShopperMobilPhone><ShopperEmail> </ShopperEmail><ReceiverName>蔡旻螢</ReceiverName><ReceiverPhone> </ReceiverPhone><ReceiverMobilPhone>136</ReceiverMobilPhone><ReceiverEmail> </ReceiverEmail><ReceiverIDNumber> </ReceiverIDNumber><OrderAmount>522</OrderAmount><OrderDetail><ProductId> </ProductId><ProductName> </ProductName><Quantity> </Quantity><Unit> </Unit><UnitPrice> </UnitPrice></OrderDetail><ShipmentDetail><ShipmentNo>11225445</ShipmentNo><ShipDate>2023-06-28</ShipDate><ReturnDate>2023-07-06</ReturnDate><LastShipment>Y</LastShipment><ShipmentAmount>522</ShipmentAmount><StoreId>261957</StoreId><EshopType>04</EshopType></ShipmentDetail></Order><Order><EshopId>001</EshopId><OPMode>A</OPMode><EshopOrderNo>202306281980501</EshopOrderNo><EshopOrderDate>2023-06-28</EshopOrderDate><ServiceType>1</ServiceType><ShopperName>陳雅玟</ShopperName><ShopperPhone> </ShopperPhone><ShopperMobilPhone> </ShopperMobilPhone><ShopperEmail> </ShopperEmail><ReceiverName>陳雅玟</ReceiverName><ReceiverPhone> </ReceiverPhone><ReceiverMobilPhone>006</ReceiverMobilPhone><ReceiverEmail> </ReceiverEmail><ReceiverIDNumber> </ReceiverIDNumber><OrderAmount>789</OrderAmount><OrderDetail><ProductId> </ProductId><ProductName> </ProductName><Quantity> </Quantity><Unit> </Unit><UnitPrice> </UnitPrice></OrderDetail><ShipmentDetail><ShipmentNo>11225446</ShipmentNo><ShipDate>2023-06-28</ShipDate><ReturnDate>2023-07-06</ReturnDate><LastShipment>Y</LastShipment><ShipmentAmount>789</ShipmentAmount><StoreId>187046</StoreId><EshopType>04</EshopType></ShipmentDetail></Order><Order><EshopId>001</EshopId><OPMode>A</OPMode><EshopOrderNo>202306282187401</EshopOrderNo><EshopOrderDate>2023-06-28</EshopOrderDate><ServiceType>3</ServiceType><ShopperName>留婉茹</ShopperName><ShopperPhone> </ShopperPhone><ShopperMobilPhone> </ShopperMobilPhone><ShopperEmail> </ShopperEmail><ReceiverName>留婉茹</ReceiverName><ReceiverPhone> </ReceiverPhone><ReceiverMobilPhone>631</ReceiverMobilPhone><ReceiverEmail> </ReceiverEmail><ReceiverIDNumber> </ReceiverIDNumber><OrderAmount>856</OrderAmount><OrderDetail><ProductId> </ProductId><ProductName> </ProductName><Quantity> </Quantity><Unit> </Unit><UnitPrice> </UnitPrice></OrderDetail><ShipmentDetail><ShipmentNo>11225447</ShipmentNo><ShipDate>2023-06-28</ShipDate><ReturnDate>2023-07-06</ReturnDate><LastShipment>Y</LastShipment><ShipmentAmount>856</ShipmentAmount><StoreId>202497</StoreId><EshopType>04</EshopType></ShipmentDetail></Order><Order><EshopId>001</EshopId><OPMode>A</OPMode><EshopOrderNo>202306282518601</EshopOrderNo><EshopOrderDate>2023-06-28</EshopOrderDate><ServiceType>3</ServiceType><ShopperName>留婉茹</ShopperName><ShopperPhone> </ShopperPhone><ShopperMobilPhone> </ShopperMobilPhone><ShopperEmail> </ShopperEmail><ReceiverName>留婉茹</ReceiverName><ReceiverPhone> </ReceiverPhone><ReceiverMobilPhone>631</ReceiverMobilPhone><ReceiverEmail> </ReceiverEmail><ReceiverIDNumber> </ReceiverIDNumber><OrderAmount>856</OrderAmount><OrderDetail><ProductId> </ProductId><ProductName> </ProductName><Quantity> </Quantity><Unit> </Unit><UnitPrice> </UnitPrice></OrderDetail><ShipmentDetail><ShipmentNo>11225448</ShipmentNo><ShipDate>2023-06-28</ShipDate><ReturnDate>2023-07-06</ReturnDate><LastShipment>Y</LastShipment><ShipmentAmount>856</ShipmentAmount><StoreId>202497</StoreId><EshopType>04</EshopType></ShipmentDetail></Order><Order><EshopId>001</EshopId><OPMode>A</OPMode><EshopOrderNo>202306282683701</EshopOrderNo><EshopOrderDate>2023-06-28</EshopOrderDate><ServiceType>3</ServiceType><ShopperName>李鈺婷</ShopperName><ShopperPhone> </ShopperPhone><ShopperMobilPhone> </ShopperMobilPhone><ShopperEmail> </ShopperEmail><ReceiverName>李鈺婷</ReceiverName><ReceiverPhone> </ReceiverPhone><ReceiverMobilPhone>908</ReceiverMobilPhone><ReceiverEmail> </ReceiverEmail><ReceiverIDNumber> </ReceiverIDNumber><OrderAmount>813</OrderAmount><OrderDetail><ProductId> </ProductId><ProductName> </ProductName><Quantity> </Quantity><Unit> </Unit><UnitPrice> </UnitPrice></OrderDetail><ShipmentDetail><ShipmentNo>11225449</ShipmentNo><ShipDate>2023-06-28</ShipDate><ReturnDate>2023-07-06</ReturnDate><LastShipment>Y</LastShipment><ShipmentAmount>813</ShipmentAmount><StoreId>253657</StoreId><EshopType>04</EshopType></ShipmentDetail></Order><Order><EshopId>001</EshopId><OPMode>A</OPMode><EshopOrderNo>202306280894301</EshopOrderNo><EshopOrderDate>2023-06-28</EshopOrderDate><ServiceType>3</ServiceType><ShopperName>張孝中</ShopperName><ShopperPhone> </ShopperPhone><ShopperMobilPhone> </ShopperMobilPhone><ShopperEmail> </ShopperEmail><ReceiverName>張孝中</ReceiverName><ReceiverPhone> </ReceiverPhone><ReceiverMobilPhone>055</ReceiverMobilPhone><ReceiverEmail> </ReceiverEmail><ReceiverIDNumber> </ReceiverIDNumber><OrderAmount>731</OrderAmount><OrderDetail><ProductId> </ProductId><ProductName> </ProductName><Quantity> </Quantity><Unit> </Unit><UnitPrice> </UnitPrice></OrderDetail><ShipmentDetail><ShipmentNo>11225463</ShipmentNo><ShipDate>2023-06-28</ShipDate><ReturnDate>2023-07-06</ReturnDate><LastShipment>Y</LastShipment><ShipmentAmount>731</ShipmentAmount><StoreId>194217</StoreId><EshopType>04</EshopType></ShipmentDetail></Order><Order><EshopId>001</EshopId><OPMode>A</OPMode><EshopOrderNo>202306280967301</EshopOrderNo><EshopOrderDate>2023-06-28</EshopOrderDate><ServiceType>1</ServiceType><ShopperName>郭栩福</ShopperName><ShopperPhone> </ShopperPhone><ShopperMobilPhone> </ShopperMobilPhone><ShopperEmail> </ShopperEmail><ReceiverName>郭栩福</ReceiverName><ReceiverPhone> </ReceiverPhone><ReceiverMobilPhone>204</ReceiverMobilPhone><ReceiverEmail> </ReceiverEmail><ReceiverIDNumber> </ReceiverIDNumber><OrderAmount>442</OrderAmount><OrderDetail><ProductId> </ProductId><ProductName> </ProductName><Quantity> </Quantity><Unit> </Unit><UnitPrice> </UnitPrice></OrderDetail><ShipmentDetail><ShipmentNo>11225464</ShipmentNo><ShipDate>2023-06-28</ShipDate><ReturnDate>2023-07-06</ReturnDate><LastShipment>Y</LastShipment><ShipmentAmount>442</ShipmentAmount><StoreId>992222</StoreId><EshopType>04</EshopType></ShipmentDetail></Order><Order><EshopId>001</EshopId><OPMode>A</OPMode><EshopOrderNo>202306282758601</EshopOrderNo><EshopOrderDate>2023-06-28</EshopOrderDate><ServiceType>3</ServiceType><ShopperName>留婉茹</ShopperName><ShopperPhone> </ShopperPhone><ShopperMobilPhone> </ShopperMobilPhone><ShopperEmail> </ShopperEmail><ReceiverName>留婉茹</ReceiverName><ReceiverPhone> </ReceiverPhone><ReceiverMobilPhone>631</ReceiverMobilPhone><ReceiverEmail> </ReceiverEmail><ReceiverIDNumber> </ReceiverIDNumber><OrderAmount>856</OrderAmount><OrderDetail><ProductId> </ProductId><ProductName> </ProductName><Quantity> </Quantity><Unit> </Unit><UnitPrice> </UnitPrice></OrderDetail><ShipmentDetail><ShipmentNo>11225450</ShipmentNo><ShipDate>2023-06-28</ShipDate><ReturnDate>2023-07-06</ReturnDate><LastShipment>Y</LastShipment><ShipmentAmount>856</ShipmentAmount><StoreId>202497</StoreId><EshopType>04</EshopType></ShipmentDetail></Order><Order><EshopId>001</EshopId><OPMode>A</OPMode><EshopOrderNo>202306283274901</EshopOrderNo><EshopOrderDate>2023-06-28</EshopOrderDate><ServiceType>1</ServiceType><ShopperName>李亞倫</ShopperName><ShopperPhone> </ShopperPhone><ShopperMobilPhone> </ShopperMobilPhone><ShopperEmail> </ShopperEmail><ReceiverName>李亞倫</ReceiverName><ReceiverPhone> </ReceiverPhone><ReceiverMobilPhone>355</ReceiverMobilPhone><ReceiverEmail> </ReceiverEmail><ReceiverIDNumber> </ReceiverIDNumber><OrderAmount>555</OrderAmount><OrderDetail><ProductId> </ProductId><ProductName> </ProductName><Quantity> </Quantity><Unit> </Unit><UnitPrice> </UnitPrice></OrderDetail><ShipmentDetail><ShipmentNo>11225465</ShipmentNo><ShipDate>2023-06-28</ShipDate><ReturnDate>2023-07-06</ReturnDate><LastShipment>Y</LastShipment><ShipmentAmount>555</ShipmentAmount><StoreId>249463</StoreId><EshopType>04</EshopType></ShipmentDetail></Order><Order><EshopId>001</EshopId><OPMode>A</OPMode><EshopOrderNo>202306283508601</EshopOrderNo><EshopOrderDate>2023-06-28</EshopOrderDate><ServiceType>1</ServiceType><ShopperName>曹永奇</ShopperName><ShopperPhone> </ShopperPhone><ShopperMobilPhone> </ShopperMobilPhone><ShopperEmail> </ShopperEmail><ReceiverName>曹永奇</ReceiverName><ReceiverPhone> </ReceiverPhone><ReceiverMobilPhone>539</ReceiverMobilPhone><ReceiverEmail> </ReceiverEmail><ReceiverIDNumber> </ReceiverIDNumber><OrderAmount>884</OrderAmount><OrderDetail><ProductId> </ProductId><ProductName> </ProductName><Quantity> </Quantity><Unit> </Unit><UnitPrice> </UnitPrice></OrderDetail><ShipmentDetail><ShipmentNo>11225466</ShipmentNo><ShipDate>2023-06-28</ShipDate><ReturnDate>2023-07-06</ReturnDate><LastShipment>Y</LastShipment><ShipmentAmount>884</ShipmentAmount><StoreId>187286</StoreId><EshopType>04</EshopType></ShipmentDetail></Order><Order><EshopId>001</EshopId><OPMode>A</OPMode><EshopOrderNo>202306283560701</EshopOrderNo><EshopOrderDate>2023-06-28</EshopOrderDate><ServiceType>3</ServiceType><ShopperName>鄭國志</ShopperName><ShopperPhone> </ShopperPhone><ShopperMobilPhone> </ShopperMobilPhone><ShopperEmail> </ShopperEmail><ReceiverName>鄭國志</ReceiverName><ReceiverPhone> </ReceiverPhone><ReceiverMobilPhone>563</ReceiverMobilPhone><ReceiverEmail> </ReceiverEmail><ReceiverIDNumber> </ReceiverIDNumber><OrderAmount>857</OrderAmount><OrderDetail><ProductId> </ProductId><ProductName> </ProductName><Quantity> </Quantity><Unit> </Unit><UnitPrice> </UnitPrice></OrderDetail><ShipmentDetail><ShipmentNo>11225467</ShipmentNo><ShipDate>2023-06-28</ShipDate><ReturnDate>2023-07-06</ReturnDate><LastShipment>Y</LastShipment><ShipmentAmount>857</ShipmentAmount><StoreId>982063</StoreId><EshopType>04</EshopType></ShipmentDetail></Order><Order><EshopId>001</EshopId><OPMode>A</OPMode><EshopOrderNo>202306283604201</EshopOrderNo><EshopOrderDate>2023-06-28</EshopOrderDate><ServiceType>3</ServiceType><ShopperName>李淑維</ShopperName><ShopperPhone> </ShopperPhone><ShopperMobilPhone> </ShopperMobilPhone><ShopperEmail> </ShopperEmail><ReceiverName>李淑維</ReceiverName><ReceiverPhone> </ReceiverPhone><ReceiverMobilPhone>903</ReceiverMobilPhone><ReceiverEmail> </ReceiverEmail><ReceiverIDNumber> </ReceiverIDNumber><OrderAmount>742</OrderAmount><OrderDetail><ProductId> </ProductId><ProductName> </ProductName><Quantity> </Quantity><Unit> </Unit><UnitPrice> </UnitPrice></OrderDetail><ShipmentDetail><ShipmentNo>11225451</ShipmentNo><ShipDate>2023-06-28</ShipDate><ReturnDate>2023-07-06</ReturnDate><LastShipment>Y</LastShipment><ShipmentAmount>742</ShipmentAmount><StoreId>253691</StoreId><EshopType>04</EshopType></ShipmentDetail></Order><Order><EshopId>001</EshopId><OPMode>A</OPMode><EshopOrderNo>202306284753101</EshopOrderNo><EshopOrderDate>2023-06-28</EshopOrderDate><ServiceType>3</ServiceType><ShopperName>陳俊傑</ShopperName><ShopperPhone> </ShopperPhone><ShopperMobilPhone> </ShopperMobilPhone><ShopperEmail> </ShopperEmail><ReceiverName>陳俊傑</ReceiverName><ReceiverPhone> </ReceiverPhone><ReceiverMobilPhone>760</ReceiverMobilPhone><ReceiverEmail> </ReceiverEmail><ReceiverIDNumber> </ReceiverIDNumber><OrderAmount>5106</OrderAmount><OrderDetail><ProductId> </ProductId><ProductName> </ProductName><Quantity> </Quantity><Unit> </Unit><UnitPrice> </UnitPrice></OrderDetail><ShipmentDetail><ShipmentNo>11225452</ShipmentNo><ShipDate>2023-06-28</ShipDate><ReturnDate>2023-07-06</ReturnDate><LastShipment>Y</LastShipment><ShipmentAmount>5106</ShipmentAmount><StoreId>137122</StoreId><EshopType>04</EshopType></ShipmentDetail></Order><Order><EshopId>001</EshopId><OPMode>A</OPMode><EshopOrderNo>202306284985601</EshopOrderNo><EshopOrderDate>2023-06-28</EshopOrderDate><ServiceType>3</ServiceType><ShopperName>楊汶璇</ShopperName><ShopperPhone> </ShopperPhone><ShopperMobilPhone> </ShopperMobilPhone><ShopperEmail> </ShopperEmail><ReceiverName>楊汶璇</ReceiverName><ReceiverPhone> </ReceiverPhone><ReceiverMobilPhone>872</ReceiverMobilPhone><ReceiverEmail> </ReceiverEmail><ReceiverIDNumber> </ReceiverIDNumber><OrderAmount>332</OrderAmount><OrderDetail><ProductId> </ProductId><ProductName> </ProductName><Quantity> </Quantity><Unit> </Unit><UnitPrice> </UnitPrice></OrderDetail><ShipmentDetail><ShipmentNo>11225453</ShipmentNo><ShipDate>2023-06-28</ShipDate><ReturnDate>2023-07-06</ReturnDate><LastShipment>Y</LastShipment><ShipmentAmount>332</ShipmentAmount><StoreId>211169</StoreId><EshopType>04</EshopType></ShipmentDetail></Order><Order><EshopId>001</EshopId><OPMode>A</OPMode><EshopOrderNo>202306285091301</EshopOrderNo><EshopOrderDate>2023-06-28</EshopOrderDate><ServiceType>1</ServiceType><ShopperName>張智傑</ShopperName><ShopperPhone> </ShopperPhone><ShopperMobilPhone> </ShopperMobilPhone><ShopperEmail> </ShopperEmail><ReceiverName>張智傑</ReceiverName><ReceiverPhone> </ReceiverPhone><ReceiverMobilPhone>767</ReceiverMobilPhone><ReceiverEmail> </ReceiverEmail><ReceiverIDNumber> </ReceiverIDNumber><OrderAmount>1072</OrderAmount><OrderDetail><ProductId> </ProductId><ProductName> </ProductName><Quantity> </Quantity><Unit> </Unit><UnitPrice> </UnitPrice></OrderDetail><ShipmentDetail><ShipmentNo>11225454</ShipmentNo><ShipDate>2023-06-28</ShipDate><ReturnDate>2023-07-06</ReturnDate><LastShipment>Y</LastShipment><ShipmentAmount>1050</ShipmentAmount><StoreId>208657</StoreId><EshopType>04</EshopType></ShipmentDetail></Order><Order><EshopId>001</EshopId><OPMode>A</OPMode><EshopOrderNo>202306285246901</EshopOrderNo><EshopOrderDate>2023-06-28</EshopOrderDate><ServiceType>3</ServiceType><ShopperName>吳蘭屏</ShopperName><ShopperPhone> </ShopperPhone><ShopperMobilPhone> </ShopperMobilPhone><ShopperEmail> </ShopperEmail><ReceiverName>吳蘭屏</ReceiverName><ReceiverPhone> </ReceiverPhone><ReceiverMobilPhone>468</ReceiverMobilPhone><ReceiverEmail> </ReceiverEmail><ReceiverIDNumber> </ReceiverIDNumber><OrderAmount>616</OrderAmount><OrderDetail><ProductId> </ProductId><ProductName> </ProductName><Quantity> </Quantity><Unit> </Unit><UnitPrice> </UnitPrice></OrderDetail><ShipmentDetail><ShipmentNo>11225468</ShipmentNo><ShipDate>2023-06-28</ShipDate><ReturnDate>2023-07-06</ReturnDate><LastShipment>Y</LastShipment><ShipmentAmount>616</ShipmentAmount><StoreId>179816</StoreId><EshopType>04</EshopType></ShipmentDetail></Order><Order><EshopId>001</EshopId><OPMode>A</OPMode><EshopOrderNo>202306285346901</EshopOrderNo><EshopOrderDate>2023-06-28</EshopOrderDate><ServiceType>1</ServiceType><ShopperName>郭瑞玲</ShopperName><ShopperPhone> </ShopperPhone><ShopperMobilPhone> </ShopperMobilPhone><ShopperEmail> </ShopperEmail><ReceiverName>郭瑞玲</ReceiverName><ReceiverPhone> </ReceiverPhone><ReceiverMobilPhone>079</ReceiverMobilPhone><ReceiverEmail> </ReceiverEmail><ReceiverIDNumber> </ReceiverIDNumber><OrderAmount>1474</OrderAmount><OrderDetail><ProductId> </ProductId><ProductName> </ProductName><Quantity> </Quantity><Unit> </Unit><UnitPrice> </UnitPrice></OrderDetail><ShipmentDetail><ShipmentNo>11225469</ShipmentNo><ShipDate>2023-06-28</ShipDate><ReturnDate>2023-07-06</ReturnDate><LastShipment>Y</LastShipment><ShipmentAmount>1474</ShipmentAmount><StoreId>167466</StoreId><EshopType>04</EshopType></ShipmentDetail></Order><Order><EshopId>001</EshopId><OPMode>A</OPMode><EshopOrderNo>202306285847101</EshopOrderNo><EshopOrderDate>2023-06-28</EshopOrderDate><ServiceType>3</ServiceType><ShopperName>王惠君</ShopperName><ShopperPhone> </ShopperPhone><ShopperMobilPhone> </ShopperMobilPhone><ShopperEmail> </ShopperEmail><ReceiverName>王惠君</ReceiverName><ReceiverPhone> </ReceiverPhone><ReceiverMobilPhone>825</ReceiverMobilPhone><ReceiverEmail> </ReceiverEmail><ReceiverIDNumber> </ReceiverIDNumber><OrderAmount>893</OrderAmount><OrderDetail><ProductId> </ProductId><ProductName> </ProductName><Quantity> </Quantity><Unit> </Unit><UnitPrice> </UnitPrice></OrderDetail><ShipmentDetail><ShipmentNo>11225455</ShipmentNo><ShipDate>2023-06-28</ShipDate><ReturnDate>2023-07-06</ReturnDate><LastShipment>Y</LastShipment><ShipmentAmount>893</ShipmentAmount><StoreId>130132</StoreId><EshopType>04</EshopType></ShipmentDetail></Order><Order><EshopId>001</EshopId><OPMode>A</OPMode><EshopOrderNo>202306286047901</EshopOrderNo><EshopOrderDate>2023-06-28</EshopOrderDate><ServiceType>3</ServiceType><ShopperName>黃信端</ShopperName><ShopperPhone> </ShopperPhone><ShopperMobilPhone> </ShopperMobilPhone><ShopperEmail> </ShopperEmail><ReceiverName>黃信端</ReceiverName><ReceiverPhone> </ReceiverPhone><ReceiverMobilPhone>317</ReceiverMobilPhone><ReceiverEmail> </ReceiverEmail><ReceiverIDNumber> </ReceiverIDNumber><OrderAmount>1223</OrderAmount><OrderDetail><ProductId> </ProductId><ProductName> </ProductName><Quantity> </Quantity><Unit> </Unit><UnitPrice> </UnitPrice></OrderDetail><ShipmentDetail><ShipmentNo>11225456</ShipmentNo><ShipDate>2023-06-28</ShipDate><ReturnDate>2023-07-06</ReturnDate><LastShipment>Y</LastShipment><ShipmentAmount>1223</ShipmentAmount><StoreId>254845</StoreId><EshopType>04</EshopType></ShipmentDetail></Order><Order><EshopId>001</EshopId><OPMode>A</OPMode><EshopOrderNo>202306287356401</EshopOrderNo><EshopOrderDate>2023-06-28</EshopOrderDate><ServiceType>3</ServiceType><ShopperName>周佳貞</ShopperName><ShopperPhone> </ShopperPhone><ShopperMobilPhone> </ShopperMobilPhone><ShopperEmail> </ShopperEmail><ReceiverName>周佳貞</ReceiverName><ReceiverPhone> </ReceiverPhone><ReceiverMobilPhone>092</ReceiverMobilPhone><ReceiverEmail> </ReceiverEmail><ReceiverIDNumber> </ReceiverIDNumber><OrderAmount>963</OrderAmount><OrderDetail><ProductId> </ProductId><ProductName> </ProductName><Quantity> </Quantity><Unit> </Unit><UnitPrice> </UnitPrice></OrderDetail><ShipmentDetail><ShipmentNo>11225457</ShipmentNo><ShipDate>2023-06-28</ShipDate><ReturnDate>2023-07-06</ReturnDate><LastShipment>Y</LastShipment><ShipmentAmount>963</ShipmentAmount><StoreId>236962</StoreId><EshopType>04</EshopType></ShipmentDetail></Order><Order><EshopId>001</EshopId><OPMode>A</OPMode><EshopOrderNo>202306287824301</EshopOrderNo><EshopOrderDate>2023-06-28</EshopOrderDate><ServiceType>3</ServiceType><ShopperName>留婉茹</ShopperName><ShopperPhone> </ShopperPhone><ShopperMobilPhone> </ShopperMobilPhone><ShopperEmail> </ShopperEmail><ReceiverName>留婉茹</ReceiverName><ReceiverPhone> </ReceiverPhone><ReceiverMobilPhone>631</ReceiverMobilPhone><ReceiverEmail> </ReceiverEmail><ReceiverIDNumber> </ReceiverIDNumber><OrderAmount>806</OrderAmount><OrderDetail><ProductId> </ProductId><ProductName> </ProductName><Quantity> </Quantity><Unit> </Unit><UnitPrice> </UnitPrice></OrderDetail><ShipmentDetail><ShipmentNo>11225458</ShipmentNo><ShipDate>2023-06-28</ShipDate><ReturnDate>2023-07-06</ReturnDate><LastShipment>Y</LastShipment><ShipmentAmount>806</ShipmentAmount><StoreId>202497</StoreId><EshopType>04</EshopType></ShipmentDetail></Order><Order><EshopId>001</EshopId><OPMode>A</OPMode><EshopOrderNo>202306287850201</EshopOrderNo><EshopOrderDate>2023-06-28</EshopOrderDate><ServiceType>1</ServiceType><ShopperName>李晟揚</ShopperName><ShopperPhone> </ShopperPhone><ShopperMobilPhone> </ShopperMobilPhone><ShopperEmail> </ShopperEmail><ReceiverName>李晟揚</ReceiverName><ReceiverPhone> </ReceiverPhone><ReceiverMobilPhone>206</ReceiverMobilPhone><ReceiverEmail> </ReceiverEmail><ReceiverIDNumber> </ReceiverIDNumber><OrderAmount>315</OrderAmount><OrderDetail><ProductId> </ProductId><ProductName> </ProductName><Quantity> </Quantity><Unit> </Unit><UnitPrice> </UnitPrice></OrderDetail><ShipmentDetail><ShipmentNo>11225459</ShipmentNo><ShipDate>2023-06-28</ShipDate><ReturnDate>2023-07-06</ReturnDate><LastShipment>Y</LastShipment><ShipmentAmount>315</ShipmentAmount><StoreId>229090</StoreId><EshopType>04</EshopType></ShipmentDetail></Order><Order><EshopId>001</EshopId><OPMode>A</OPMode><EshopOrderNo>202306289501701</EshopOrderNo><EshopOrderDate>2023-06-28</EshopOrderDate><ServiceType>3</ServiceType><ShopperName>許怡貞</ShopperName><ShopperPhone> </ShopperPhone><ShopperMobilPhone> </ShopperMobilPhone><ShopperEmail> </ShopperEmail><ReceiverName>許怡貞</ReceiverName><ReceiverPhone> </ReceiverPhone><ReceiverMobilPhone>997</ReceiverMobilPhone><ReceiverEmail> </ReceiverEmail><ReceiverIDNumber> </ReceiverIDNumber><OrderAmount>487</OrderAmount><OrderDetail><ProductId> </ProductId><ProductName> </ProductName><Quantity> </Quantity><Unit> </Unit><UnitPrice> </UnitPrice></OrderDetail><ShipmentDetail><ShipmentNo>11225460</ShipmentNo><ShipDate>2023-06-28</ShipDate><ReturnDate>2023-07-06</ReturnDate><LastShipment>Y</LastShipment><ShipmentAmount>487</ShipmentAmount><StoreId>965633</StoreId><EshopType>04</EshopType></ShipmentDetail></Order><Order><EshopId>001</EshopId><OPMode>A</OPMode><EshopOrderNo>202306289612401</EshopOrderNo><EshopOrderDate>2023-06-28</EshopOrderDate><ServiceType>1</ServiceType><ShopperName>黃雅伶</ShopperName><ShopperPhone> </ShopperPhone><ShopperMobilPhone> </ShopperMobilPhone><ShopperEmail> </ShopperEmail><ReceiverName>黃雅伶</ReceiverName><ReceiverPhone> </ReceiverPhone><ReceiverMobilPhone>529</ReceiverMobilPhone><ReceiverEmail> </ReceiverEmail><ReceiverIDNumber> </ReceiverIDNumber><OrderAmount>959</OrderAmount><OrderDetail><ProductId> </ProductId><ProductName> </ProductName><Quantity> </Quantity><Unit> </Unit><UnitPrice> </UnitPrice></OrderDetail><ShipmentDetail><ShipmentNo>11225461</ShipmentNo><ShipDate>2023-06-28</ShipDate><ReturnDate>2023-07-06</ReturnDate><LastShipment>Y</LastShipment><ShipmentAmount>959</ShipmentAmount><StoreId>182258</StoreId><EshopType>04</EshopType></ShipmentDetail></Order><Order><EshopId>001</EshopId><OPMode>A</OPMode><EshopOrderNo>202306289830701</EshopOrderNo><EshopOrderDate>2023-06-28</EshopOrderDate><ServiceType>1</ServiceType><ShopperName>洪佳琪</ShopperName><ShopperPhone> </ShopperPhone><ShopperMobilPhone> </ShopperMobilPhone><ShopperEmail> </ShopperEmail><ReceiverName>洪佳琪</ReceiverName><ReceiverPhone> </ReceiverPhone><ReceiverMobilPhone>299</ReceiverMobilPhone><ReceiverEmail> </ReceiverEmail><ReceiverIDNumber> </ReceiverIDNumber><OrderAmount>356</OrderAmount><OrderDetail><ProductId> </ProductId><ProductName> </ProductName><Quantity> </Quantity><Unit> </Unit><UnitPrice> </UnitPrice></OrderDetail><ShipmentDetail><ShipmentNo>11225462</ShipmentNo><ShipDate>2023-06-28</ShipDate><ReturnDate>2023-07-06</ReturnDate><LastShipment>Y</LastShipment><ShipmentAmount>356</ShipmentAmount><StoreId>249784</StoreId><EshopType>04</EshopType></ShipmentDetail></Order><Order><EshopId>001</EshopId><OPMode>A</OPMode><EshopOrderNo>202306281278001</EshopOrderNo><EshopOrderDate>2023-06-28</EshopOrderDate><ServiceType>1</ServiceType><ShopperName>陳羽柔</ShopperName><ShopperPhone> </ShopperPhone><ShopperMobilPhone> </ShopperMobilPhone><ShopperEmail> </ShopperEmail><ReceiverName>陳羽柔</ReceiverName><ReceiverPhone> </ReceiverPhone><ReceiverMobilPhone>478</ReceiverMobilPhone><ReceiverEmail> </ReceiverEmail><ReceiverIDNumber> </ReceiverIDNumber><OrderAmount>508</OrderAmount><OrderDetail><ProductId> </ProductId><ProductName> </ProductName><Quantity> </Quantity><Unit> </Unit><UnitPrice> </UnitPrice></OrderDetail><ShipmentDetail><ShipmentNo>11225475</ShipmentNo><ShipDate>2023-06-28</ShipDate><ReturnDate>2023-07-06</ReturnDate><LastShipment>Y</LastShipment><ShipmentAmount>508</ShipmentAmount><StoreId>962346</StoreId><EshopType>04</EshopType></ShipmentDetail></Order><Order><EshopId>001</EshopId><OPMode>A</OPMode><EshopOrderNo>202306282397401</EshopOrderNo><EshopOrderDate>2023-06-28</EshopOrderDate><ServiceType>3</ServiceType><ShopperName>張敬昊</ShopperName><ShopperPhone> </ShopperPhone><ShopperMobilPhone> </ShopperMobilPhone><ShopperEmail> </ShopperEmail><ReceiverName>張敬昊</ReceiverName><ReceiverPhone> </ReceiverPhone><ReceiverMobilPhone>948</ReceiverMobilPhone><ReceiverEmail> </ReceiverEmail><ReceiverIDNumber> </ReceiverIDNumber><OrderAmount>540</OrderAmount><OrderDetail><ProductId> </ProductId><ProductName> </ProductName><Quantity> </Quantity><Unit> </Unit><UnitPrice> </UnitPrice></OrderDetail><ShipmentDetail><ShipmentNo>11225430</ShipmentNo><ShipDate>2023-06-28</ShipDate><ReturnDate>2023-07-06</ReturnDate><LastShipment>Y</LastShipment><ShipmentAmount>540</ShipmentAmount><StoreId>113997</StoreId><EshopType>04</EshopType></ShipmentDetail></Order><Order><EshopId>001</EshopId><OPMode>A</OPMode><EshopOrderNo>202306283594701</EshopOrderNo><EshopOrderDate>2023-06-28</EshopOrderDate><ServiceType>1</ServiceType><ShopperName>蔡子勤</ShopperName><ShopperPhone> </ShopperPhone><ShopperMobilPhone> </ShopperMobilPhone><ShopperEmail> </ShopperEmail><ReceiverName>蔡子勤</ReceiverName><ReceiverPhone> </ReceiverPhone><ReceiverMobilPhone>903</ReceiverMobilPhone><ReceiverEmail> </ReceiverEmail><ReceiverIDNumber> </ReceiverIDNumber><OrderAmount>913</OrderAmount><OrderDetail><ProductId> </ProductId><ProductName> </ProductName><Quantity> </Quantity><Unit> </Unit><UnitPrice> </UnitPrice></OrderDetail><ShipmentDetail><ShipmentNo>11225431</ShipmentNo><ShipDate>2023-06-28</ShipDate><ReturnDate>2023-07-06</ReturnDate><LastShipment>Y</LastShipment><ShipmentAmount>913</ShipmentAmount><StoreId>122957</StoreId><EshopType>04</EshopType></ShipmentDetail></Order><Order><EshopId>001</EshopId><OPMode>A</OPMode><EshopOrderNo>202306284827501</EshopOrderNo><EshopOrderDate>2023-06-28</EshopOrderDate><ServiceType>1</ServiceType><ShopperName>洪浩偉</ShopperName><ShopperPhone> </ShopperPhone><ShopperMobilPhone> </ShopperMobilPhone><ShopperEmail> </ShopperEmail><ReceiverName>洪浩偉</ReceiverName><ReceiverPhone> </ReceiverPhone><ReceiverMobilPhone>797</ReceiverMobilPhone><ReceiverEmail> </ReceiverEmail><ReceiverIDNumber> </ReceiverIDNumber><OrderAmount>391</OrderAmount><OrderDetail><ProductId> </ProductId><ProductName> </ProductName><Quantity> </Quantity><Unit> </Unit><UnitPrice> </UnitPrice></OrderDetail><ShipmentDetail><ShipmentNo>11225433</ShipmentNo><ShipDate>2023-06-28</ShipDate><ReturnDate>2023-07-06</ReturnDate><LastShipment>Y</LastShipment><ShipmentAmount>391</ShipmentAmount><StoreId>151520</StoreId><EshopType>04</EshopType></ShipmentDetail></Order><Order><EshopId>001</EshopId><OPMode>A</OPMode><EshopOrderNo>202306285207601</EshopOrderNo><EshopOrderDate>2023-06-28</EshopOrderDate><ServiceType>3</ServiceType><ShopperName>簡孟萱</ShopperName><ShopperPhone> </ShopperPhone><ShopperMobilPhone> </ShopperMobilPhone><ShopperEmail> </ShopperEmail><ReceiverName>簡孟萱</ReceiverName><ReceiverPhone> </ReceiverPhone><ReceiverMobilPhone>875</ReceiverMobilPhone><ReceiverEmail> </ReceiverEmail><ReceiverIDNumber> </ReceiverIDNumber><OrderAmount>511</OrderAmount><OrderDetail><ProductId> </ProductId><ProductName> </ProductName><Quantity> </Quantity><Unit> </Unit><UnitPrice> </UnitPrice></OrderDetail><ShipmentDetail><ShipmentNo>11225476</ShipmentNo><ShipDate>2023-06-28</ShipDate><ReturnDate>2023-07-06</ReturnDate><LastShipment>Y</LastShipment><ShipmentAmount>511</ShipmentAmount><StoreId>155131</StoreId><EshopType>04</EshopType></ShipmentDetail></Order><Order><EshopId>001</EshopId><OPMode>A</OPMode><EshopOrderNo>202306285806901</EshopOrderNo><EshopOrderDate>2023-06-28</EshopOrderDate><ServiceType>1</ServiceType><ShopperName>陳旻柜</ShopperName><ShopperPhone> </ShopperPhone><ShopperMobilPhone> </ShopperMobilPhone><ShopperEmail> </ShopperEmail><ReceiverName>陳旻柜</ReceiverName><ReceiverPhone> </ReceiverPhone><ReceiverMobilPhone>170</ReceiverMobilPhone><ReceiverEmail> </ReceiverEmail><ReceiverIDNumber> </ReceiverIDNumber><OrderAmount>198</OrderAmount><OrderDetail><ProductId> </ProductId><ProductName> </ProductName><Quantity> </Quantity><Unit> </Unit><UnitPrice> </UnitPrice></OrderDetail><ShipmentDetail><ShipmentNo>11225434</ShipmentNo><ShipDate>2023-06-28</ShipDate><ReturnDate>2023-07-06</ReturnDate><LastShipment>Y</LastShipment><ShipmentAmount>151</ShipmentAmount><StoreId>174936</StoreId><EshopType>04</EshopType></ShipmentDetail></Order><Order><EshopId>001</EshopId><OPMode>A</OPMode><EshopOrderNo>202306285830701</EshopOrderNo><EshopOrderDate>2023-06-28</EshopOrderDate><ServiceType>3</ServiceType><ShopperName>洪宇玟</ShopperName><ShopperPhone> </ShopperPhone><ShopperMobilPhone> </ShopperMobilPhone><ShopperEmail> </ShopperEmail><ReceiverName>洪宇玟</ReceiverName><ReceiverPhone> </ReceiverPhone><ReceiverMobilPhone>572</ReceiverMobilPhone><ReceiverEmail> </ReceiverEmail><ReceiverIDNumber> </ReceiverIDNumber><OrderAmount>821</OrderAmount><OrderDetail><ProductId> </ProductId><ProductName> </ProductName><Quantity> </Quantity><Unit> </Unit><UnitPrice> </UnitPrice></OrderDetail><ShipmentDetail><ShipmentNo>11225477</ShipmentNo><ShipDate>2023-06-28</ShipDate><ReturnDate>2023-07-06</ReturnDate><LastShipment>Y</LastShipment><ShipmentAmount>821</ShipmentAmount><StoreId>155267</StoreId><EshopType>04</EshopType></ShipmentDetail></Order><Order><EshopId>001</EshopId><OPMode>A</OPMode><EshopOrderNo>202306285941601</EshopOrderNo><EshopOrderDate>2023-06-28</EshopOrderDate><ServiceType>1</ServiceType><ShopperName>張雅筑</ShopperName><ShopperPhone> </ShopperPhone><ShopperMobilPhone> </ShopperMobilPhone><ShopperEmail> </ShopperEmail><ReceiverName>張雅筑</ReceiverName><ReceiverPhone> </ReceiverPhone><ReceiverMobilPhone>491</ReceiverMobilPhone><ReceiverEmail> </ReceiverEmail><ReceiverIDNumber> </ReceiverIDNumber><OrderAmount>332</OrderAmount><OrderDetail><ProductId> </ProductId><ProductName> </ProductName><Quantity> </Quantity><Unit> </Unit><UnitPrice> </UnitPrice></OrderDetail><ShipmentDetail><ShipmentNo>11225435</ShipmentNo><ShipDate>2023-06-28</ShipDate><ReturnDate>2023-07-06</ReturnDate><LastShipment>Y</LastShipment><ShipmentAmount>332</ShipmentAmount><StoreId>196866</StoreId><EshopType>04</EshopType></ShipmentDetail></Order><Order><EshopId>001</EshopId><OPMode>A</OPMode><EshopOrderNo>202306285968101</EshopOrderNo><EshopOrderDate>2023-06-28</EshopOrderDate><ServiceType>3</ServiceType><ShopperName>甯惟軒</ShopperName><ShopperPhone> </ShopperPhone><ShopperMobilPhone> </ShopperMobilPhone><ShopperEmail> </ShopperEmail><ReceiverName>甯惟軒</ReceiverName><ReceiverPhone> </ReceiverPhone><ReceiverMobilPhone>853</ReceiverMobilPhone><ReceiverEmail> </ReceiverEmail><ReceiverIDNumber> </ReceiverIDNumber><OrderAmount>648</OrderAmount><OrderDetail><ProductId> </ProductId><ProductName> </ProductName><Quantity> </Quantity><Unit> </Unit><UnitPrice> </UnitPrice></OrderDetail><ShipmentDetail><ShipmentNo>11225436</ShipmentNo><ShipDate>2023-06-28</ShipDate><ReturnDate>2023-07-06</ReturnDate><LastShipment>Y</LastShipment><ShipmentAmount>648</ShipmentAmount><StoreId>194930</StoreId><EshopType>04</EshopType></ShipmentDetail></Order><Order><EshopId>001</EshopId><OPMode>A</OPMode><EshopOrderNo>202306286032501</EshopOrderNo><EshopOrderDate>2023-06-28</EshopOrderDate><ServiceType>3</ServiceType><ShopperName>林裕安</ShopperName><ShopperPhone> </ShopperPhone><ShopperMobilPhone> </ShopperMobilPhone><ShopperEmail> </ShopperEmail><ReceiverName>林裕安</ReceiverName><ReceiverPhone> </ReceiverPhone><ReceiverMobilPhone>055</ReceiverMobilPhone><ReceiverEmail> </ReceiverEmail><ReceiverIDNumber> </ReceiverIDNumber><OrderAmount>856</OrderAmount><OrderDetail><ProductId> </ProductId><ProductName> </ProductName><Quantity> </Quantity><Unit> </Unit><UnitPrice> </UnitPrice></OrderDetail><ShipmentDetail><ShipmentNo>11225470</ShipmentNo><ShipDate>2023-06-28</ShipDate><ReturnDate>2023-07-06</ReturnDate><LastShipment>Y</LastShipment><ShipmentAmount>856</ShipmentAmount><StoreId>202497</StoreId><EshopType>04</EshopType></ShipmentDetail></Order><Order><EshopId>001</EshopId><OPMode>A</OPMode><EshopOrderNo>202306286789101</EshopOrderNo><EshopOrderDate>2023-06-28</EshopOrderDate><ServiceType>3</ServiceType><ShopperName>陳雅婷</ShopperName><ShopperPhone> </ShopperPhone><ShopperMobilPhone> </ShopperMobilPhone><ShopperEmail> </ShopperEmail><ReceiverName>陳雅婷</ReceiverName><ReceiverPhone> </ReceiverPhone><ReceiverMobilPhone>320</ReceiverMobilPhone><ReceiverEmail> </ReceiverEmail><ReceiverIDNumber> </ReceiverIDNumber><OrderAmount>885</OrderAmount><OrderDetail><ProductId> </ProductId><ProductName> </ProductName><Quantity> </Quantity><Unit> </Unit><UnitPrice> </UnitPrice></OrderDetail><ShipmentDetail><ShipmentNo>11225432</ShipmentNo><ShipDate>2023-06-28</ShipDate><ReturnDate>2023-07-06</ReturnDate><LastShipment>Y</LastShipment><ShipmentAmount>885</ShipmentAmount><StoreId>180089</StoreId><EshopType>04</EshopType></ShipmentDetail></Order><Order><EshopId>001</EshopId><OPMode>A</OPMode><EshopOrderNo>202306286912801</EshopOrderNo><EshopOrderDate>2023-06-28</EshopOrderDate><ServiceType>1</ServiceType><ShopperName>林佳儀</ShopperName><ShopperPhone> </ShopperPhone><ShopperMobilPhone> </ShopperMobilPhone><ShopperEmail> </ShopperEmail><ReceiverName>林佳儀</ReceiverName><ReceiverPhone> </ReceiverPhone><ReceiverMobilPhone>197</ReceiverMobilPhone><ReceiverEmail> </ReceiverEmail><ReceiverIDNumber> </ReceiverIDNumber><OrderAmount>354</OrderAmount><OrderDetail><ProductId> </ProductId><ProductName> </ProductName><Quantity> </Quantity><Unit> </Unit><UnitPrice> </UnitPrice></OrderDetail><ShipmentDetail><ShipmentNo>11225437</ShipmentNo><ShipDate>2023-06-28</ShipDate><ReturnDate>2023-07-06</ReturnDate><LastShipment>Y</LastShipment><ShipmentAmount>354</ShipmentAmount><StoreId>155142</StoreId><EshopType>04</EshopType></ShipmentDetail></Order><Order><EshopId>001</EshopId><OPMode>A</OPMode><EshopOrderNo>202306287218901</EshopOrderNo><EshopOrderDate>2023-06-28</EshopOrderDate><ServiceType>3</ServiceType><ShopperName>林裕安</ShopperName><ShopperPhone> </ShopperPhone><ShopperMobilPhone> </ShopperMobilPhone><ShopperEmail> </ShopperEmail><ReceiverName>林裕安</ReceiverName><ReceiverPhone> </ReceiverPhone><ReceiverMobilPhone>055</ReceiverMobilPhone><ReceiverEmail> </ReceiverEmail><ReceiverIDNumber> </ReceiverIDNumber><OrderAmount>856</OrderAmount><OrderDetail><ProductId> </ProductId><ProductName> </ProductName><Quantity> </Quantity><Unit> </Unit><UnitPrice> </UnitPrice></OrderDetail><ShipmentDetail><ShipmentNo>11225474</ShipmentNo><ShipDate>2023-06-28</ShipDate><ReturnDate>2023-07-06</ReturnDate><LastShipment>Y</LastShipment><ShipmentAmount>856</ShipmentAmount><StoreId>202497</StoreId><EshopType>04</EshopType></ShipmentDetail></Order><Order><EshopId>001</EshopId><OPMode>A</OPMode><EshopOrderNo>202306287501201</EshopOrderNo><EshopOrderDate>2023-06-28</EshopOrderDate><ServiceType>3</ServiceType><ShopperName>陳曦</ShopperName><ShopperPhone> </ShopperPhone><ShopperMobilPhone> </ShopperMobilPhone><ShopperEmail> </ShopperEmail><ReceiverName>陳曦</ReceiverName><ReceiverPhone> </ReceiverPhone><ReceiverMobilPhone>003</ReceiverMobilPhone><ReceiverEmail> </ReceiverEmail><ReceiverIDNumber> </ReceiverIDNumber><OrderAmount>475</OrderAmount><OrderDetail><ProductId> </ProductId><ProductName> </ProductName><Quantity> </Quantity><Unit> </Unit><UnitPrice> </UnitPrice></OrderDetail><ShipmentDetail><ShipmentNo>11225478</ShipmentNo><ShipDate>2023-06-28</ShipDate><ReturnDate>2023-07-06</ReturnDate><LastShipment>Y</LastShipment><ShipmentAmount>475</ShipmentAmount><StoreId>215138</StoreId><EshopType>04</EshopType></ShipmentDetail></Order><Order><EshopId>001</EshopId><OPMode>A</OPMode><EshopOrderNo>202306287530101</EshopOrderNo><EshopOrderDate>2023-06-28</EshopOrderDate><ServiceType>3</ServiceType><ShopperName>杜芳</ShopperName><ShopperPhone> </ShopperPhone><ShopperMobilPhone> </ShopperMobilPhone><ShopperEmail> </ShopperEmail><ReceiverName>杜芳</ReceiverName><ReceiverPhone> </ReceiverPhone><ReceiverMobilPhone>100</ReceiverMobilPhone><ReceiverEmail> </ReceiverEmail><ReceiverIDNumber> </ReceiverIDNumber><OrderAmount>793</OrderAmount><OrderDetail><ProductId> </ProductId><ProductName> </ProductName><Quantity> </Quantity><Unit> </Unit><UnitPrice> </UnitPrice></OrderDetail><ShipmentDetail><ShipmentNo>11225471</ShipmentNo><ShipDate>2023-06-28</ShipDate><ReturnDate>2023-07-06</ReturnDate><LastShipment>Y</LastShipment><ShipmentAmount>793</ShipmentAmount><StoreId>241861</StoreId><EshopType>04</EshopType></ShipmentDetail></Order><Order><EshopId>001</EshopId><OPMode>A</OPMode><EshopOrderNo>202306288350601</EshopOrderNo><EshopOrderDate>2023-06-28</EshopOrderDate><ServiceType>3</ServiceType><ShopperName>羅偉倫</ShopperName><ShopperPhone> </ShopperPhone><ShopperMobilPhone> </ShopperMobilPhone><ShopperEmail> </ShopperEmail><ReceiverName>羅偉倫</ReceiverName><ReceiverPhone> </ReceiverPhone><ReceiverMobilPhone>723</ReceiverMobilPhone><ReceiverEmail> </ReceiverEmail><ReceiverIDNumber> </ReceiverIDNumber><OrderAmount>844</OrderAmount><OrderDetail><ProductId> </ProductId><ProductName> </ProductName><Quantity> </Quantity><Unit> </Unit><UnitPrice> </UnitPrice></OrderDetail><ShipmentDetail><ShipmentNo>11225472</ShipmentNo><ShipDate>2023-06-28</ShipDate><ReturnDate>2023-07-06</ReturnDate><LastShipment>Y</LastShipment><ShipmentAmount>844</ShipmentAmount><StoreId>238496</StoreId><EshopType>04</EshopType></ShipmentDetail></Order><Order><EshopId>001</EshopId><OPMode>A</OPMode><EshopOrderNo>202306288451601</EshopOrderNo><EshopOrderDate>2023-06-28</EshopOrderDate><ServiceType>3</ServiceType><ShopperName>曾丽怡</ShopperName><ShopperPhone> </ShopperPhone><ShopperMobilPhone> </ShopperMobilPhone><ShopperEmail> </ShopperEmail><ReceiverName>曾丽怡</ReceiverName><ReceiverPhone> </ReceiverPhone><ReceiverMobilPhone>412</ReceiverMobilPhone><ReceiverEmail> </ReceiverEmail><ReceiverIDNumber> </ReceiverIDNumber><OrderAmount>502</OrderAmount><OrderDetail><ProductId> </ProductId><ProductName> </ProductName><Quantity> </Quantity><Unit> </Unit><UnitPrice> </UnitPrice></OrderDetail><ShipmentDetail><ShipmentNo>11225438</ShipmentNo><ShipDate>2023-06-28</ShipDate><ReturnDate>2023-07-06</ReturnDate><LastShipment>Y</LastShipment><ShipmentAmount>502</ShipmentAmount><StoreId>164009</StoreId><EshopType>04</EshopType></ShipmentDetail></Order><Order><EshopId>001</EshopId><OPMode>A</OPMode><EshopOrderNo>202306289257401</EshopOrderNo><EshopOrderDate>2023-06-28</EshopOrderDate><ServiceType>3</ServiceType><ShopperName>翁定洋</ShopperName><ShopperPhone> </ShopperPhone><ShopperMobilPhone> </ShopperMobilPhone><ShopperEmail> </ShopperEmail><ReceiverName>翁定洋</ReceiverName><ReceiverPhone> </ReceiverPhone><ReceiverMobilPhone>956</ReceiverMobilPhone><ReceiverEmail> </ReceiverEmail><ReceiverIDNumber> </ReceiverIDNumber><OrderAmount>1092</OrderAmount><OrderDetail><ProductId> </ProductId><ProductName> </ProductName><Quantity> </Quantity><Unit> </Unit><UnitPrice> </UnitPrice></OrderDetail><ShipmentDetail><ShipmentNo>11225428</ShipmentNo><ShipDate>2023-06-28</ShipDate><ReturnDate>2023-07-06</ReturnDate><LastShipment>Y</LastShipment><ShipmentAmount>1092</ShipmentAmount><StoreId>235202</StoreId><EshopType>04</EshopType></ShipmentDetail></Order><Order><EshopId>001</EshopId><OPMode>A</OPMode><EshopOrderNo>202306289384001</EshopOrderNo><EshopOrderDate>2023-06-28</EshopOrderDate><ServiceType>3</ServiceType><ShopperName>柯恕卿</ShopperName><ShopperPhone> </ShopperPhone><ShopperMobilPhone> </ShopperMobilPhone><ShopperEmail> </ShopperEmail><ReceiverName>柯恕卿</ReceiverName><ReceiverPhone> </ReceiverPhone><ReceiverMobilPhone>442</ReceiverMobilPhone><ReceiverEmail> </ReceiverEmail><ReceiverIDNumber> </ReceiverIDNumber><OrderAmount>863</OrderAmount><OrderDetail><ProductId> </ProductId><ProductName> </ProductName><Quantity> </Quantity><Unit> </Unit><UnitPrice> </UnitPrice></OrderDetail><ShipmentDetail><ShipmentNo>11225439</ShipmentNo><ShipDate>2023-06-28</ShipDate><ReturnDate>2023-07-06</ReturnDate><LastShipment>Y</LastShipment><ShipmentAmount>863</ShipmentAmount><StoreId>144773</StoreId><EshopType>04</EshopType></ShipmentDetail></Order><Order><EshopId>001</EshopId><OPMode>A</OPMode><EshopOrderNo>202306289408101</EshopOrderNo><EshopOrderDate>2023-06-28</EshopOrderDate><ServiceType>1</ServiceType><ShopperName>游駿淋</ShopperName><ShopperPhone> </ShopperPhone><ShopperMobilPhone> </ShopperMobilPhone><ShopperEmail> </ShopperEmail><ReceiverName>游駿淋</ReceiverName><ReceiverPhone> </ReceiverPhone><ReceiverMobilPhone>989</ReceiverMobilPhone><ReceiverEmail> </ReceiverEmail><ReceiverIDNumber> </ReceiverIDNumber><OrderAmount>663</OrderAmount><OrderDetail><ProductId> </ProductId><ProductName> </ProductName><Quantity> </Quantity><Unit> </Unit><UnitPrice> </UnitPrice></OrderDetail><ShipmentDetail><ShipmentNo>11225429</ShipmentNo><ShipDate>2023-06-28</ShipDate><ReturnDate>2023-07-06</ReturnDate><LastShipment>Y</LastShipment><ShipmentAmount>653</ShipmentAmount><StoreId>940058</StoreId><EshopType>04</EshopType></ShipmentDetail></Order><Order><EshopId>001</EshopId><OPMode>A</OPMode><EshopOrderNo>202306289678501</EshopOrderNo><EshopOrderDate>2023-06-28</EshopOrderDate><ServiceType>1</ServiceType><ShopperName>王文程</ShopperName><ShopperPhone> </ShopperPhone><ShopperMobilPhone> </ShopperMobilPhone><ShopperEmail> </ShopperEmail><ReceiverName>王文程</ReceiverName><ReceiverPhone> </ReceiverPhone><ReceiverMobilPhone>746</ReceiverMobilPhone><ReceiverEmail> </ReceiverEmail><ReceiverIDNumber> </ReceiverIDNumber><OrderAmount>425</OrderAmount><OrderDetail><ProductId> </ProductId><ProductName> </ProductName><Quantity> </Quantity><Unit> </Unit><UnitPrice> </UnitPrice></OrderDetail><ShipmentDetail><ShipmentNo>11225473</ShipmentNo><ShipDate>2023-06-28</ShipDate><ReturnDate>2023-07-06</ReturnDate><LastShipment>Y</LastShipment><ShipmentAmount>420</ShipmentAmount><StoreId>120146</StoreId><EshopType>04</EshopType></ShipmentDetail></Order></DocContent></OrderDoc> 