﻿<?xml version="1.0" encoding="UTF-8"?><OrderDoc><DocHead><DocNo>7850012023062747</DocNo><DocDate>2023-06-27</DocDate><ParentId>785</ParentId></DocHead><DocContent><Order><EshopId>001</EshopId><OPMode>A</OPMode><EshopOrderNo>202306275082901</EshopOrderNo><EshopOrderDate>2023-06-27</EshopOrderDate><ServiceType>1</ServiceType><ShopperName>葉儒鴻</ShopperName><ShopperPhone> </ShopperPhone><ShopperMobilPhone> </ShopperMobilPhone><ShopperEmail> </ShopperEmail><ReceiverName>葉儒鴻</ReceiverName><ReceiverPhone> </ReceiverPhone><ReceiverMobilPhone>833</ReceiverMobilPhone><ReceiverEmail> </ReceiverEmail><ReceiverIDNumber> </ReceiverIDNumber><OrderAmount>650</OrderAmount><OrderDetail><ProductId> </ProductId><ProductName> </ProductName><Quantity> </Quantity><Unit> </Unit><UnitPrice> </UnitPrice></OrderDetail><ShipmentDetail><ShipmentNo>11225084</ShipmentNo><ShipDate>2023-06-28</ShipDate><ReturnDate>2023-07-06</ReturnDate><LastShipment>Y</LastShipment><ShipmentAmount>650</ShipmentAmount><StoreId>188153</StoreId><EshopType>04</EshopType></ShipmentDetail></Order><Order><EshopId>001</EshopId><OPMode>A</OPMode><EshopOrderNo>202306275169301</EshopOrderNo><EshopOrderDate>2023-06-27</EshopOrderDate><ServiceType>1</ServiceType><ShopperName>廖羿柔</ShopperName><ShopperPhone> </ShopperPhone><ShopperMobilPhone> </ShopperMobilPhone><ShopperEmail> </ShopperEmail><ReceiverName>廖羿柔</ReceiverName><ReceiverPhone> </ReceiverPhone><ReceiverMobilPhone>805</ReceiverMobilPhone><ReceiverEmail> </ReceiverEmail><ReceiverIDNumber> </ReceiverIDNumber><OrderAmount>356</OrderAmount><OrderDetail><ProductId> </ProductId><ProductName> </ProductName><Quantity> </Quantity><Unit> </Unit><UnitPrice> </UnitPrice></OrderDetail><ShipmentDetail><ShipmentNo>11225101</ShipmentNo><ShipDate>2023-06-28</ShipDate><ReturnDate>2023-07-06</ReturnDate><LastShipment>Y</LastShipment><ShipmentAmount>356</ShipmentAmount><StoreId>197021</StoreId><EshopType>04</EshopType></ShipmentDetail></Order><Order><EshopId>001</EshopId><OPMode>A</OPMode><EshopOrderNo>202306275307201</EshopOrderNo><EshopOrderDate>2023-06-27</EshopOrderDate><ServiceType>3</ServiceType><ShopperName>游淑惠</ShopperName><ShopperPhone> </ShopperPhone><ShopperMobilPhone> </ShopperMobilPhone><ShopperEmail> </ShopperEmail><ReceiverName>游淑惠</ReceiverName><ReceiverPhone> </ReceiverPhone><ReceiverMobilPhone>389</ReceiverMobilPhone><ReceiverEmail> </ReceiverEmail><ReceiverIDNumber> </ReceiverIDNumber><OrderAmount>297</OrderAmount><OrderDetail><ProductId> </ProductId><ProductName> </ProductName><Quantity> </Quantity><Unit> </Unit><UnitPrice> </UnitPrice></OrderDetail><ShipmentDetail><ShipmentNo>11225067</ShipmentNo><ShipDate>2023-06-28</ShipDate><ReturnDate>2023-07-06</ReturnDate><LastShipment>Y</LastShipment><ShipmentAmount>297</ShipmentAmount><StoreId>236733</StoreId><EshopType>04</EshopType></ShipmentDetail></Order><Order><EshopId>001</EshopId><OPMode>A</OPMode><EshopOrderNo>202306275327401</EshopOrderNo><EshopOrderDate>2023-06-27</EshopOrderDate><ServiceType>3</ServiceType><ShopperName>劉人慈</ShopperName><ShopperPhone> </ShopperPhone><ShopperMobilPhone> </ShopperMobilPhone><ShopperEmail> </ShopperEmail><ReceiverName>劉人慈</ReceiverName><ReceiverPhone> </ReceiverPhone><ReceiverMobilPhone>495</ReceiverMobilPhone><ReceiverEmail> </ReceiverEmail><ReceiverIDNumber> </ReceiverIDNumber><OrderAmount>789</OrderAmount><OrderDetail><ProductId> </ProductId><ProductName> </ProductName><Quantity> </Quantity><Unit> </Unit><UnitPrice> </UnitPrice></OrderDetail><ShipmentDetail><ShipmentNo>11225102</ShipmentNo><ShipDate>2023-06-28</ShipDate><ReturnDate>2023-07-06</ReturnDate><LastShipment>Y</LastShipment><ShipmentAmount>789</ShipmentAmount><StoreId>185051</StoreId><EshopType>04</EshopType></ShipmentDetail></Order><Order><EshopId>001</EshopId><OPMode>A</OPMode><EshopOrderNo>202306276417501</EshopOrderNo><EshopOrderDate>2023-06-27</EshopOrderDate><ServiceType>1</ServiceType><ShopperName>方立</ShopperName><ShopperPhone> </ShopperPhone><ShopperMobilPhone> </ShopperMobilPhone><ShopperEmail> </ShopperEmail><ReceiverName>方立</ReceiverName><ReceiverPhone> </ReceiverPhone><ReceiverMobilPhone>232</ReceiverMobilPhone><ReceiverEmail> </ReceiverEmail><ReceiverIDNumber> </ReceiverIDNumber><OrderAmount>518</OrderAmount><OrderDetail><ProductId> </ProductId><ProductName> </ProductName><Quantity> </Quantity><Unit> </Unit><UnitPrice> </UnitPrice></OrderDetail><ShipmentDetail><ShipmentNo>11225103</ShipmentNo><ShipDate>2023-06-28</ShipDate><ReturnDate>2023-07-06</ReturnDate><LastShipment>Y</LastShipment><ShipmentAmount>518</ShipmentAmount><StoreId>230207</StoreId><EshopType>04</EshopType></ShipmentDetail></Order><Order><EshopId>001</EshopId><OPMode>A</OPMode><EshopOrderNo>202306276504101</EshopOrderNo><EshopOrderDate>2023-06-27</EshopOrderDate><ServiceType>3</ServiceType><ShopperName>周佳薇</ShopperName><ShopperPhone> </ShopperPhone><ShopperMobilPhone> </ShopperMobilPhone><ShopperEmail> </ShopperEmail><ReceiverName>周佳薇</ReceiverName><ReceiverPhone> </ReceiverPhone><ReceiverMobilPhone>522</ReceiverMobilPhone><ReceiverEmail> </ReceiverEmail><ReceiverIDNumber> </ReceiverIDNumber><OrderAmount>951</OrderAmount><OrderDetail><ProductId> </ProductId><ProductName> </ProductName><Quantity> </Quantity><Unit> </Unit><UnitPrice> </UnitPrice></OrderDetail><ShipmentDetail><ShipmentNo>11225123</ShipmentNo><ShipDate>2023-06-28</ShipDate><ReturnDate>2023-07-06</ReturnDate><LastShipment>Y</LastShipment><ShipmentAmount>951</ShipmentAmount><StoreId>886875</StoreId><EshopType>04</EshopType></ShipmentDetail></Order><Order><EshopId>001</EshopId><OPMode>A</OPMode><EshopOrderNo>202306276539801</EshopOrderNo><EshopOrderDate>2023-06-27</EshopOrderDate><ServiceType>1</ServiceType><ShopperName>余梓民</ShopperName><ShopperPhone> </ShopperPhone><ShopperMobilPhone> </ShopperMobilPhone><ShopperEmail> </ShopperEmail><ReceiverName>余梓民</ReceiverName><ReceiverPhone> </ReceiverPhone><ReceiverMobilPhone>110</ReceiverMobilPhone><ReceiverEmail> </ReceiverEmail><ReceiverIDNumber> </ReceiverIDNumber><OrderAmount>747</OrderAmount><OrderDetail><ProductId> </ProductId><ProductName> </ProductName><Quantity> </Quantity><Unit> </Unit><UnitPrice> </UnitPrice></OrderDetail><ShipmentDetail><ShipmentNo>11225104</ShipmentNo><ShipDate>2023-06-28</ShipDate><ReturnDate>2023-07-06</ReturnDate><LastShipment>Y</LastShipment><ShipmentAmount>747</ShipmentAmount><StoreId>148568</StoreId><EshopType>04</EshopType></ShipmentDetail></Order><Order><EshopId>001</EshopId><OPMode>A</OPMode><EshopOrderNo>202306276584901</EshopOrderNo><EshopOrderDate>2023-06-27</EshopOrderDate><ServiceType>3</ServiceType><ShopperName>李洋廷</ShopperName><ShopperPhone> </ShopperPhone><ShopperMobilPhone> </ShopperMobilPhone><ShopperEmail> </ShopperEmail><ReceiverName>李洋廷</ReceiverName><ReceiverPhone> </ReceiverPhone><ReceiverMobilPhone>994</ReceiverMobilPhone><ReceiverEmail> </ReceiverEmail><ReceiverIDNumber> </ReceiverIDNumber><OrderAmount>574</OrderAmount><OrderDetail><ProductId> </ProductId><ProductName> </ProductName><Quantity> </Quantity><Unit> </Unit><UnitPrice> </UnitPrice></OrderDetail><ShipmentDetail><ShipmentNo>11225068</ShipmentNo><ShipDate>2023-06-28</ShipDate><ReturnDate>2023-07-06</ReturnDate><LastShipment>Y</LastShipment><ShipmentAmount>574</ShipmentAmount><StoreId>126269</StoreId><EshopType>04</EshopType></ShipmentDetail></Order><Order><EshopId>001</EshopId><OPMode>A</OPMode><EshopOrderNo>202306276984201</EshopOrderNo><EshopOrderDate>2023-06-27</EshopOrderDate><ServiceType>3</ServiceType><ShopperName>王耀偉</ShopperName><ShopperPhone> </ShopperPhone><ShopperMobilPhone> </ShopperMobilPhone><ShopperEmail> </ShopperEmail><ReceiverName>王耀偉</ReceiverName><ReceiverPhone> </ReceiverPhone><ReceiverMobilPhone>638</ReceiverMobilPhone><ReceiverEmail> </ReceiverEmail><ReceiverIDNumber> </ReceiverIDNumber><OrderAmount>1911</OrderAmount><OrderDetail><ProductId> </ProductId><ProductName> </ProductName><Quantity> </Quantity><Unit> </Unit><UnitPrice> </UnitPrice></OrderDetail><ShipmentDetail><ShipmentNo>11225085</ShipmentNo><ShipDate>2023-06-28</ShipDate><ReturnDate>2023-07-06</ReturnDate><LastShipment>Y</LastShipment><ShipmentAmount>1911</ShipmentAmount><StoreId>236607</StoreId><EshopType>04</EshopType></ShipmentDetail></Order><Order><EshopId>001</EshopId><OPMode>A</OPMode><EshopOrderNo>202306276984301</EshopOrderNo><EshopOrderDate>2023-06-27</EshopOrderDate><ServiceType>1</ServiceType><ShopperName>陳采欣</ShopperName><ShopperPhone> </ShopperPhone><ShopperMobilPhone> </ShopperMobilPhone><ShopperEmail> </ShopperEmail><ReceiverName>陳采欣</ReceiverName><ReceiverPhone> </ReceiverPhone><ReceiverMobilPhone>376</ReceiverMobilPhone><ReceiverEmail> </ReceiverEmail><ReceiverIDNumber> </ReceiverIDNumber><OrderAmount>342</OrderAmount><OrderDetail><ProductId> </ProductId><ProductName> </ProductName><Quantity> </Quantity><Unit> </Unit><UnitPrice> </UnitPrice></OrderDetail><ShipmentDetail><ShipmentNo>11225086</ShipmentNo><ShipDate>2023-06-28</ShipDate><ReturnDate>2023-07-06</ReturnDate><LastShipment>Y</LastShipment><ShipmentAmount>342</ShipmentAmount><StoreId>933223</StoreId><EshopType>04</EshopType></ShipmentDetail></Order><Order><EshopId>001</EshopId><OPMode>A</OPMode><EshopOrderNo>202306270158201</EshopOrderNo><EshopOrderDate>2023-06-27</EshopOrderDate><ServiceType>1</ServiceType><ShopperName>王孟娟</ShopperName><ShopperPhone> </ShopperPhone><ShopperMobilPhone> </ShopperMobilPhone><ShopperEmail> </ShopperEmail><ReceiverName>王孟娟</ReceiverName><ReceiverPhone> </ReceiverPhone><ReceiverMobilPhone>826</ReceiverMobilPhone><ReceiverEmail> </ReceiverEmail><ReceiverIDNumber> </ReceiverIDNumber><OrderAmount>360</OrderAmount><OrderDetail><ProductId> </ProductId><ProductName> </ProductName><Quantity> </Quantity><Unit> </Unit><UnitPrice> </UnitPrice></OrderDetail><ShipmentDetail><ShipmentNo>11225087</ShipmentNo><ShipDate>2023-06-28</ShipDate><ReturnDate>2023-07-06</ReturnDate><LastShipment>Y</LastShipment><ShipmentAmount>360</ShipmentAmount><StoreId>235501</StoreId><EshopType>04</EshopType></ShipmentDetail></Order><Order><EshopId>001</EshopId><OPMode>A</OPMode><EshopOrderNo>202306270279501</EshopOrderNo><EshopOrderDate>2023-06-27</EshopOrderDate><ServiceType>1</ServiceType><ShopperName>陳皓淳</ShopperName><ShopperPhone> </ShopperPhone><ShopperMobilPhone> </ShopperMobilPhone><ShopperEmail> </ShopperEmail><ReceiverName>陳皓淳</ReceiverName><ReceiverPhone> </ReceiverPhone><ReceiverMobilPhone>082</ReceiverMobilPhone><ReceiverEmail> </ReceiverEmail><ReceiverIDNumber> </ReceiverIDNumber><OrderAmount>657</OrderAmount><OrderDetail><ProductId> </ProductId><ProductName> </ProductName><Quantity> </Quantity><Unit> </Unit><UnitPrice> </UnitPrice></OrderDetail><ShipmentDetail><ShipmentNo>11225076</ShipmentNo><ShipDate>2023-06-28</ShipDate><ReturnDate>2023-07-06</ReturnDate><LastShipment>Y</LastShipment><ShipmentAmount>645</ShipmentAmount><StoreId>155337</StoreId><EshopType>04</EshopType></ShipmentDetail></Order><Order><EshopId>001</EshopId><OPMode>A</OPMode><EshopOrderNo>202306270297101</EshopOrderNo><EshopOrderDate>2023-06-27</EshopOrderDate><ServiceType>1</ServiceType><ShopperName>陳淑鳳</ShopperName><ShopperPhone> </ShopperPhone><ShopperMobilPhone> </ShopperMobilPhone><ShopperEmail> </ShopperEmail><ReceiverName>陳淑鳳</ReceiverName><ReceiverPhone> </ReceiverPhone><ReceiverMobilPhone>980</ReceiverMobilPhone><ReceiverEmail> </ReceiverEmail><ReceiverIDNumber> </ReceiverIDNumber><OrderAmount>740</OrderAmount><OrderDetail><ProductId> </ProductId><ProductName> </ProductName><Quantity> </Quantity><Unit> </Unit><UnitPrice> </UnitPrice></OrderDetail><ShipmentDetail><ShipmentNo>11225120</ShipmentNo><ShipDate>2023-06-28</ShipDate><ReturnDate>2023-07-06</ReturnDate><LastShipment>Y</LastShipment><ShipmentAmount>740</ShipmentAmount><StoreId>186386</StoreId><EshopType>04</EshopType></ShipmentDetail></Order><Order><EshopId>001</EshopId><OPMode>A</OPMode><EshopOrderNo>202306270496101</EshopOrderNo><EshopOrderDate>2023-06-27</EshopOrderDate><ServiceType>3</ServiceType><ShopperName>李林坡</ShopperName><ShopperPhone> </ShopperPhone><ShopperMobilPhone> </ShopperMobilPhone><ShopperEmail> </ShopperEmail><ReceiverName>李林坡</ReceiverName><ReceiverPhone> </ReceiverPhone><ReceiverMobilPhone>555</ReceiverMobilPhone><ReceiverEmail> </ReceiverEmail><ReceiverIDNumber> </ReceiverIDNumber><OrderAmount>583</OrderAmount><OrderDetail><ProductId> </ProductId><ProductName> </ProductName><Quantity> </Quantity><Unit> </Unit><UnitPrice> </UnitPrice></OrderDetail><ShipmentDetail><ShipmentNo>11225059</ShipmentNo><ShipDate>2023-06-28</ShipDate><ReturnDate>2023-07-06</ReturnDate><LastShipment>Y</LastShipment><ShipmentAmount>583</ShipmentAmount><StoreId>165518</StoreId><EshopType>04</EshopType></ShipmentDetail></Order><Order><EshopId>001</EshopId><OPMode>A</OPMode><EshopOrderNo>202306271049701</EshopOrderNo><EshopOrderDate>2023-06-27</EshopOrderDate><ServiceType>1</ServiceType><ShopperName>張家健</ShopperName><ShopperPhone> </ShopperPhone><ShopperMobilPhone> </ShopperMobilPhone><ShopperEmail> </ShopperEmail><ReceiverName>張家健</ReceiverName><ReceiverPhone> </ReceiverPhone><ReceiverMobilPhone>936</ReceiverMobilPhone><ReceiverEmail> </ReceiverEmail><ReceiverIDNumber> </ReceiverIDNumber><OrderAmount>1090</OrderAmount><OrderDetail><ProductId> </ProductId><ProductName> </ProductName><Quantity> </Quantity><Unit> </Unit><UnitPrice> </UnitPrice></OrderDetail><ShipmentDetail><ShipmentNo>11225110</ShipmentNo><ShipDate>2023-06-28</ShipDate><ReturnDate>2023-07-06</ReturnDate><LastShipment>Y</LastShipment><ShipmentAmount>1078</ShipmentAmount><StoreId>160247</StoreId><EshopType>04</EshopType></ShipmentDetail></Order><Order><EshopId>001</EshopId><OPMode>A</OPMode><EshopOrderNo>202306271372401</EshopOrderNo><EshopOrderDate>2023-06-27</EshopOrderDate><ServiceType>1</ServiceType><ShopperName>林佳品</ShopperName><ShopperPhone> </ShopperPhone><ShopperMobilPhone> </ShopperMobilPhone><ShopperEmail> </ShopperEmail><ReceiverName>林佳品</ReceiverName><ReceiverPhone> </ReceiverPhone><ReceiverMobilPhone>395</ReceiverMobilPhone><ReceiverEmail> </ReceiverEmail><ReceiverIDNumber> </ReceiverIDNumber><OrderAmount>1113</OrderAmount><OrderDetail><ProductId> </ProductId><ProductName> </ProductName><Quantity> </Quantity><Unit> </Unit><UnitPrice> </UnitPrice></OrderDetail><ShipmentDetail><ShipmentNo>11225111</ShipmentNo><ShipDate>2023-06-28</ShipDate><ReturnDate>2023-07-06</ReturnDate><LastShipment>Y</LastShipment><ShipmentAmount>1110</ShipmentAmount><StoreId>138985</StoreId><EshopType>04</EshopType></ShipmentDetail></Order><Order><EshopId>001</EshopId><OPMode>A</OPMode><EshopOrderNo>202306277098301</EshopOrderNo><EshopOrderDate>2023-06-27</EshopOrderDate><ServiceType>3</ServiceType><ShopperName>林佳曄</ShopperName><ShopperPhone> </ShopperPhone><ShopperMobilPhone> </ShopperMobilPhone><ShopperEmail> </ShopperEmail><ReceiverName>林佳曄</ReceiverName><ReceiverPhone> </ReceiverPhone><ReceiverMobilPhone>957</ReceiverMobilPhone><ReceiverEmail> </ReceiverEmail><ReceiverIDNumber> </ReceiverIDNumber><OrderAmount>356</OrderAmount><OrderDetail><ProductId> </ProductId><ProductName> </ProductName><Quantity> </Quantity><Unit> </Unit><UnitPrice> </UnitPrice></OrderDetail><ShipmentDetail><ShipmentNo>11225069</ShipmentNo><ShipDate>2023-06-28</ShipDate><ReturnDate>2023-07-06</ReturnDate><LastShipment>Y</LastShipment><ShipmentAmount>356</ShipmentAmount><StoreId>198633</StoreId><EshopType>04</EshopType></ShipmentDetail></Order><Order><EshopId>001</EshopId><OPMode>A</OPMode><EshopOrderNo>202306277210301</EshopOrderNo><EshopOrderDate>2023-06-27</EshopOrderDate><ServiceType>1</ServiceType><ShopperName>羅俊及</ShopperName><ShopperPhone> </ShopperPhone><ShopperMobilPhone> </ShopperMobilPhone><ShopperEmail> </ShopperEmail><ReceiverName>羅俊及</ReceiverName><ReceiverPhone> </ReceiverPhone><ReceiverMobilPhone>444</ReceiverMobilPhone><ReceiverEmail> </ReceiverEmail><ReceiverIDNumber> </ReceiverIDNumber><OrderAmount>277</OrderAmount><OrderDetail><ProductId> </ProductId><ProductName> </ProductName><Quantity> </Quantity><Unit> </Unit><UnitPrice> </UnitPrice></OrderDetail><ShipmentDetail><ShipmentNo>11225070</ShipmentNo><ShipDate>2023-06-28</ShipDate><ReturnDate>2023-07-06</ReturnDate><LastShipment>Y</LastShipment><ShipmentAmount>277</ShipmentAmount><StoreId>166876</StoreId><EshopType>04</EshopType></ShipmentDetail></Order><Order><EshopId>001</EshopId><OPMode>A</OPMode><EshopOrderNo>202306277312001</EshopOrderNo><EshopOrderDate>2023-06-27</EshopOrderDate><ServiceType>3</ServiceType><ShopperName>林佳妏</ShopperName><ShopperPhone> </ShopperPhone><ShopperMobilPhone> </ShopperMobilPhone><ShopperEmail> </ShopperEmail><ReceiverName>林佳妏</ReceiverName><ReceiverPhone> </ReceiverPhone><ReceiverMobilPhone>915</ReceiverMobilPhone><ReceiverEmail> </ReceiverEmail><ReceiverIDNumber> </ReceiverIDNumber><OrderAmount>884</OrderAmount><OrderDetail><ProductId> </ProductId><ProductName> </ProductName><Quantity> </Quantity><Unit> </Unit><UnitPrice> </UnitPrice></OrderDetail><ShipmentDetail><ShipmentNo>11225105</ShipmentNo><ShipDate>2023-06-28</ShipDate><ReturnDate>2023-07-06</ReturnDate><LastShipment>Y</LastShipment><ShipmentAmount>884</ShipmentAmount><StoreId>250898</StoreId><EshopType>04</EshopType></ShipmentDetail></Order><Order><EshopId>001</EshopId><OPMode>A</OPMode><EshopOrderNo>202306277586401</EshopOrderNo><EshopOrderDate>2023-06-27</EshopOrderDate><ServiceType>1</ServiceType><ShopperName>莊妤君</ShopperName><ShopperPhone> </ShopperPhone><ShopperMobilPhone> </ShopperMobilPhone><ShopperEmail> </ShopperEmail><ReceiverName>莊妤君</ReceiverName><ReceiverPhone> </ReceiverPhone><ReceiverMobilPhone>138</ReceiverMobilPhone><ReceiverEmail> </ReceiverEmail><ReceiverIDNumber> </ReceiverIDNumber><OrderAmount>550</OrderAmount><OrderDetail><ProductId> </ProductId><ProductName> </ProductName><Quantity> </Quantity><Unit> </Unit><UnitPrice> </UnitPrice></OrderDetail><ShipmentDetail><ShipmentNo>11225119</ShipmentNo><ShipDate>2023-06-28</ShipDate><ReturnDate>2023-07-06</ReturnDate><LastShipment>Y</LastShipment><ShipmentAmount>550</ShipmentAmount><StoreId>197939</StoreId><EshopType>04</EshopType></ShipmentDetail></Order><Order><EshopId>001</EshopId><OPMode>A</OPMode><EshopOrderNo>202306278012701</EshopOrderNo><EshopOrderDate>2023-06-27</EshopOrderDate><ServiceType>1</ServiceType><ShopperName>Alison</ShopperName><ShopperPhone> </ShopperPhone><ShopperMobilPhone> </ShopperMobilPhone><ShopperEmail> </ShopperEmail><ReceiverName>Alison</ReceiverName><ReceiverPhone> </ReceiverPhone><ReceiverMobilPhone>007</ReceiverMobilPhone><ReceiverEmail> </ReceiverEmail><ReceiverIDNumber> </ReceiverIDNumber><OrderAmount>519</OrderAmount><OrderDetail><ProductId> </ProductId><ProductName> </ProductName><Quantity> </Quantity><Unit> </Unit><UnitPrice> </UnitPrice></OrderDetail><ShipmentDetail><ShipmentNo>11225071</ShipmentNo><ShipDate>2023-06-28</ShipDate><ReturnDate>2023-07-06</ReturnDate><LastShipment>Y</LastShipment><ShipmentAmount>519</ShipmentAmount><StoreId>135676</StoreId><EshopType>04</EshopType></ShipmentDetail></Order><Order><EshopId>001</EshopId><OPMode>A</OPMode><EshopOrderNo>202306278139701</EshopOrderNo><EshopOrderDate>2023-06-27</EshopOrderDate><ServiceType>3</ServiceType><ShopperName>王瑋如</ShopperName><ShopperPhone> </ShopperPhone><ShopperMobilPhone> </ShopperMobilPhone><ShopperEmail> </ShopperEmail><ReceiverName>王瑋如</ReceiverName><ReceiverPhone> </ReceiverPhone><ReceiverMobilPhone>700</ReceiverMobilPhone><ReceiverEmail> </ReceiverEmail><ReceiverIDNumber> </ReceiverIDNumber><OrderAmount>726</OrderAmount><OrderDetail><ProductId> </ProductId><ProductName> </ProductName><Quantity> </Quantity><Unit> </Unit><UnitPrice> </UnitPrice></OrderDetail><ShipmentDetail><ShipmentNo>11225072</ShipmentNo><ShipDate>2023-06-28</ShipDate><ReturnDate>2023-07-06</ReturnDate><LastShipment>Y</LastShipment><ShipmentAmount>726</ShipmentAmount><StoreId>170314</StoreId><EshopType>04</EshopType></ShipmentDetail></Order><Order><EshopId>001</EshopId><OPMode>A</OPMode><EshopOrderNo>202306278205601</EshopOrderNo><EshopOrderDate>2023-06-27</EshopOrderDate><ServiceType>1</ServiceType><ShopperName>胡佳榛</ShopperName><ShopperPhone> </ShopperPhone><ShopperMobilPhone> </ShopperMobilPhone><ShopperEmail> </ShopperEmail><ReceiverName>胡佳榛</ReceiverName><ReceiverPhone> </ReceiverPhone><ReceiverMobilPhone>019</ReceiverMobilPhone><ReceiverEmail> </ReceiverEmail><ReceiverIDNumber> </ReceiverIDNumber><OrderAmount>754</OrderAmount><OrderDetail><ProductId> </ProductId><ProductName> </ProductName><Quantity> </Quantity><Unit> </Unit><UnitPrice> </UnitPrice></OrderDetail><ShipmentDetail><ShipmentNo>11225118</ShipmentNo><ShipDate>2023-06-28</ShipDate><ReturnDate>2023-07-06</ReturnDate><LastShipment>Y</LastShipment><ShipmentAmount>754</ShipmentAmount><StoreId>192543</StoreId><EshopType>04</EshopType></ShipmentDetail></Order><Order><EshopId>001</EshopId><OPMode>A</OPMode><EshopOrderNo>202306278230701</EshopOrderNo><EshopOrderDate>2023-06-27</EshopOrderDate><ServiceType>1</ServiceType><ShopperName>陳家懷</ShopperName><ShopperPhone> </ShopperPhone><ShopperMobilPhone> </ShopperMobilPhone><ShopperEmail> </ShopperEmail><ReceiverName>陳家懷</ReceiverName><ReceiverPhone> </ReceiverPhone><ReceiverMobilPhone>014</ReceiverMobilPhone><ReceiverEmail> </ReceiverEmail><ReceiverIDNumber> </ReceiverIDNumber><OrderAmount>311</OrderAmount><OrderDetail><ProductId> </ProductId><ProductName> </ProductName><Quantity> </Quantity><Unit> </Unit><UnitPrice> </UnitPrice></OrderDetail><ShipmentDetail><ShipmentNo>11225106</ShipmentNo><ShipDate>2023-06-28</ShipDate><ReturnDate>2023-07-06</ReturnDate><LastShipment>Y</LastShipment><ShipmentAmount>311</ShipmentAmount><StoreId>253451</StoreId><EshopType>04</EshopType></ShipmentDetail></Order><Order><EshopId>001</EshopId><OPMode>A</OPMode><EshopOrderNo>202306278261301</EshopOrderNo><EshopOrderDate>2023-06-27</EshopOrderDate><ServiceType>1</ServiceType><ShopperName>邱郁媚</ShopperName><ShopperPhone> </ShopperPhone><ShopperMobilPhone> </ShopperMobilPhone><ShopperEmail> </ShopperEmail><ReceiverName>邱郁媚</ReceiverName><ReceiverPhone> </ReceiverPhone><ReceiverMobilPhone>148</ReceiverMobilPhone><ReceiverEmail> </ReceiverEmail><ReceiverIDNumber> </ReceiverIDNumber><OrderAmount>762</OrderAmount><OrderDetail><ProductId> </ProductId><ProductName> </ProductName><Quantity> </Quantity><Unit> </Unit><UnitPrice> </UnitPrice></OrderDetail><ShipmentDetail><ShipmentNo>11225073</ShipmentNo><ShipDate>2023-06-28</ShipDate><ReturnDate>2023-07-06</ReturnDate><LastShipment>Y</LastShipment><ShipmentAmount>754</ShipmentAmount><StoreId>254845</StoreId><EshopType>04</EshopType></ShipmentDetail></Order><Order><EshopId>001</EshopId><OPMode>A</OPMode><EshopOrderNo>202306278425901</EshopOrderNo><EshopOrderDate>2023-06-27</EshopOrderDate><ServiceType>1</ServiceType><ShopperName>葉春蘭</ShopperName><ShopperPhone> </ShopperPhone><ShopperMobilPhone> </ShopperMobilPhone><ShopperEmail> </ShopperEmail><ReceiverName>葉春蘭</ReceiverName><ReceiverPhone> </ReceiverPhone><ReceiverMobilPhone>098</ReceiverMobilPhone><ReceiverEmail> </ReceiverEmail><ReceiverIDNumber> </ReceiverIDNumber><OrderAmount>801</OrderAmount><OrderDetail><ProductId> </ProductId><ProductName> </ProductName><Quantity> </Quantity><Unit> </Unit><UnitPrice> </UnitPrice></OrderDetail><ShipmentDetail><ShipmentNo>11225107</ShipmentNo><ShipDate>2023-06-28</ShipDate><ReturnDate>2023-07-06</ReturnDate><LastShipment>Y</LastShipment><ShipmentAmount>801</ShipmentAmount><StoreId>875646</StoreId><EshopType>04</EshopType></ShipmentDetail></Order><Order><EshopId>001</EshopId><OPMode>A</OPMode><EshopOrderNo>202306279305101</EshopOrderNo><EshopOrderDate>2023-06-27</EshopOrderDate><ServiceType>3</ServiceType><ShopperName>李翊暐</ShopperName><ShopperPhone> </ShopperPhone><ShopperMobilPhone> </ShopperMobilPhone><ShopperEmail> </ShopperEmail><ReceiverName>李翊暐</ReceiverName><ReceiverPhone> </ReceiverPhone><ReceiverMobilPhone>485</ReceiverMobilPhone><ReceiverEmail> </ReceiverEmail><ReceiverIDNumber> </ReceiverIDNumber><OrderAmount>1076</OrderAmount><OrderDetail><ProductId> </ProductId><ProductName> </ProductName><Quantity> </Quantity><Unit> </Unit><UnitPrice> </UnitPrice></OrderDetail><ShipmentDetail><ShipmentNo>11225074</ShipmentNo><ShipDate>2023-06-28</ShipDate><ReturnDate>2023-07-06</ReturnDate><LastShipment>Y</LastShipment><ShipmentAmount>1076</ShipmentAmount><StoreId>160166</StoreId><EshopType>04</EshopType></ShipmentDetail></Order><Order><EshopId>001</EshopId><OPMode>A</OPMode><EshopOrderNo>202306279346201</EshopOrderNo><EshopOrderDate>2023-06-27</EshopOrderDate><ServiceType>3</ServiceType><ShopperName>林中興</ShopperName><ShopperPhone> </ShopperPhone><ShopperMobilPhone> </ShopperMobilPhone><ShopperEmail> </ShopperEmail><ReceiverName>林中興</ReceiverName><ReceiverPhone> </ReceiverPhone><ReceiverMobilPhone>287</ReceiverMobilPhone><ReceiverEmail> </ReceiverEmail><ReceiverIDNumber> </ReceiverIDNumber><OrderAmount>408</OrderAmount><OrderDetail><ProductId> </ProductId><ProductName> </ProductName><Quantity> </Quantity><Unit> </Unit><UnitPrice> </UnitPrice></OrderDetail><ShipmentDetail><ShipmentNo>11225108</ShipmentNo><ShipDate>2023-06-28</ShipDate><ReturnDate>2023-07-06</ReturnDate><LastShipment>Y</LastShipment><ShipmentAmount>408</ShipmentAmount><StoreId>183572</StoreId><EshopType>04</EshopType></ShipmentDetail></Order><Order><EshopId>001</EshopId><OPMode>A</OPMode><EshopOrderNo>202306279543201</EshopOrderNo><EshopOrderDate>2023-06-27</EshopOrderDate><ServiceType>1</ServiceType><ShopperName>鄭名峰</ShopperName><ShopperPhone> </ShopperPhone><ShopperMobilPhone> </ShopperMobilPhone><ShopperEmail> </ShopperEmail><ReceiverName>鄭名峰</ReceiverName><ReceiverPhone> </ReceiverPhone><ReceiverMobilPhone>338</ReceiverMobilPhone><ReceiverEmail> </ReceiverEmail><ReceiverIDNumber> </ReceiverIDNumber><OrderAmount>484</OrderAmount><OrderDetail><ProductId> </ProductId><ProductName> </ProductName><Quantity> </Quantity><Unit> </Unit><UnitPrice> </UnitPrice></OrderDetail><ShipmentDetail><ShipmentNo>11225109</ShipmentNo><ShipDate>2023-06-28</ShipDate><ReturnDate>2023-07-06</ReturnDate><LastShipment>Y</LastShipment><ShipmentAmount>484</ShipmentAmount><StoreId>262905</StoreId><EshopType>04</EshopType></ShipmentDetail></Order><Order><EshopId>001</EshopId><OPMode>A</OPMode><EshopOrderNo>202306279840701</EshopOrderNo><EshopOrderDate>2023-06-27</EshopOrderDate><ServiceType>1</ServiceType><ShopperName>林筱靜</ShopperName><ShopperPhone> </ShopperPhone><ShopperMobilPhone> </ShopperMobilPhone><ShopperEmail> </ShopperEmail><ReceiverName>林筱靜</ReceiverName><ReceiverPhone> </ReceiverPhone><ReceiverMobilPhone>523</ReceiverMobilPhone><ReceiverEmail> </ReceiverEmail><ReceiverIDNumber> </ReceiverIDNumber><OrderAmount>442</OrderAmount><OrderDetail><ProductId> </ProductId><ProductName> </ProductName><Quantity> </Quantity><Unit> </Unit><UnitPrice> </UnitPrice></OrderDetail><ShipmentDetail><ShipmentNo>11225075</ShipmentNo><ShipDate>2023-06-28</ShipDate><ReturnDate>2023-07-06</ReturnDate><LastShipment>Y</LastShipment><ShipmentAmount>439</ShipmentAmount><StoreId>242266</StoreId><EshopType>04</EshopType></ShipmentDetail></Order><Order><EshopId>001</EshopId><OPMode>A</OPMode><EshopOrderNo>202306271389401</EshopOrderNo><EshopOrderDate>2023-06-27</EshopOrderDate><ServiceType>3</ServiceType><ShopperName>連胤暄</ShopperName><ShopperPhone> </ShopperPhone><ShopperMobilPhone> </ShopperMobilPhone><ShopperEmail> </ShopperEmail><ReceiverName>連胤暄</ReceiverName><ReceiverPhone> </ReceiverPhone><ReceiverMobilPhone>185</ReceiverMobilPhone><ReceiverEmail> </ReceiverEmail><ReceiverIDNumber> </ReceiverIDNumber><OrderAmount>503</OrderAmount><OrderDetail><ProductId> </ProductId><ProductName> </ProductName><Quantity> </Quantity><Unit> </Unit><UnitPrice> </UnitPrice></OrderDetail><ShipmentDetail><ShipmentNo>11225077</ShipmentNo><ShipDate>2023-06-28</ShipDate><ReturnDate>2023-07-06</ReturnDate><LastShipment>Y</LastShipment><ShipmentAmount>503</ShipmentAmount><StoreId>184793</StoreId><EshopType>04</EshopType></ShipmentDetail></Order><Order><EshopId>001</EshopId><OPMode>A</OPMode><EshopOrderNo>202306271460801</EshopOrderNo><EshopOrderDate>2023-06-27</EshopOrderDate><ServiceType>1</ServiceType><ShopperName>施譯婷</ShopperName><ShopperPhone> </ShopperPhone><ShopperMobilPhone> </ShopperMobilPhone><ShopperEmail> </ShopperEmail><ReceiverName>施譯婷</ReceiverName><ReceiverPhone> </ReceiverPhone><ReceiverMobilPhone>268</ReceiverMobilPhone><ReceiverEmail> </ReceiverEmail><ReceiverIDNumber> </ReceiverIDNumber><OrderAmount>454</OrderAmount><OrderDetail><ProductId> </ProductId><ProductName> </ProductName><Quantity> </Quantity><Unit> </Unit><UnitPrice> </UnitPrice></OrderDetail><ShipmentDetail><ShipmentNo>11225088</ShipmentNo><ShipDate>2023-06-28</ShipDate><ReturnDate>2023-07-06</ReturnDate><LastShipment>Y</LastShipment><ShipmentAmount>454</ShipmentAmount><StoreId>136510</StoreId><EshopType>04</EshopType></ShipmentDetail></Order><Order><EshopId>001</EshopId><OPMode>A</OPMode><EshopOrderNo>202306271749001</EshopOrderNo><EshopOrderDate>2023-06-27</EshopOrderDate><ServiceType>1</ServiceType><ShopperName>張峻豪</ShopperName><ShopperPhone> </ShopperPhone><ShopperMobilPhone> </ShopperMobilPhone><ShopperEmail> </ShopperEmail><ReceiverName>張峻豪</ReceiverName><ReceiverPhone> </ReceiverPhone><ReceiverMobilPhone>915</ReceiverMobilPhone><ReceiverEmail> </ReceiverEmail><ReceiverIDNumber> </ReceiverIDNumber><OrderAmount>934</OrderAmount><OrderDetail><ProductId> </ProductId><ProductName> </ProductName><Quantity> </Quantity><Unit> </Unit><UnitPrice> </UnitPrice></OrderDetail><ShipmentDetail><ShipmentNo>11225078</ShipmentNo><ShipDate>2023-06-28</ShipDate><ReturnDate>2023-07-06</ReturnDate><LastShipment>Y</LastShipment><ShipmentAmount>900</ShipmentAmount><StoreId>138457</StoreId><EshopType>04</EshopType></ShipmentDetail></Order><Order><EshopId>001</EshopId><OPMode>A</OPMode><EshopOrderNo>202306271823001</EshopOrderNo><EshopOrderDate>2023-06-27</EshopOrderDate><ServiceType>1</ServiceType><ShopperName>邱傳晃</ShopperName><ShopperPhone> </ShopperPhone><ShopperMobilPhone> </ShopperMobilPhone><ShopperEmail> </ShopperEmail><ReceiverName>邱傳晃</ReceiverName><ReceiverPhone> </ReceiverPhone><ReceiverMobilPhone>927</ReceiverMobilPhone><ReceiverEmail> </ReceiverEmail><ReceiverIDNumber> </ReceiverIDNumber><OrderAmount>1219</OrderAmount><OrderDetail><ProductId> </ProductId><ProductName> </ProductName><Quantity> </Quantity><Unit> </Unit><UnitPrice> </UnitPrice></OrderDetail><ShipmentDetail><ShipmentNo>11225060</ShipmentNo><ShipDate>2023-06-28</ShipDate><ReturnDate>2023-07-06</ReturnDate><LastShipment>Y</LastShipment><ShipmentAmount>1199</ShipmentAmount><StoreId>173760</StoreId><EshopType>04</EshopType></ShipmentDetail></Order><Order><EshopId>001</EshopId><OPMode>A</OPMode><EshopOrderNo>202306271865901</EshopOrderNo><EshopOrderDate>2023-06-27</EshopOrderDate><ServiceType>3</ServiceType><ShopperName>魏名利</ShopperName><ShopperPhone> </ShopperPhone><ShopperMobilPhone> </ShopperMobilPhone><ShopperEmail> </ShopperEmail><ReceiverName>魏名利</ReceiverName><ReceiverPhone> </ReceiverPhone><ReceiverMobilPhone>786</ReceiverMobilPhone><ReceiverEmail> </ReceiverEmail><ReceiverIDNumber> </ReceiverIDNumber><OrderAmount>875</OrderAmount><OrderDetail><ProductId> </ProductId><ProductName> </ProductName><Quantity> </Quantity><Unit> </Unit><UnitPrice> </UnitPrice></OrderDetail><ShipmentDetail><ShipmentNo>11225089</ShipmentNo><ShipDate>2023-06-28</ShipDate><ReturnDate>2023-07-06</ReturnDate><LastShipment>Y</LastShipment><ShipmentAmount>875</ShipmentAmount><StoreId>999083</StoreId><EshopType>04</EshopType></ShipmentDetail></Order><Order><EshopId>001</EshopId><OPMode>A</OPMode><EshopOrderNo>202306271890201</EshopOrderNo><EshopOrderDate>2023-06-27</EshopOrderDate><ServiceType>1</ServiceType><ShopperName>陳正昇</ShopperName><ShopperPhone> </ShopperPhone><ShopperMobilPhone> </ShopperMobilPhone><ShopperEmail> </ShopperEmail><ReceiverName>陳正昇</ReceiverName><ReceiverPhone> </ReceiverPhone><ReceiverMobilPhone>626</ReceiverMobilPhone><ReceiverEmail> </ReceiverEmail><ReceiverIDNumber> </ReceiverIDNumber><OrderAmount>723</OrderAmount><OrderDetail><ProductId> </ProductId><ProductName> </ProductName><Quantity> </Quantity><Unit> </Unit><UnitPrice> </UnitPrice></OrderDetail><ShipmentDetail><ShipmentNo>11225121</ShipmentNo><ShipDate>2023-06-28</ShipDate><ReturnDate>2023-07-06</ReturnDate><LastShipment>Y</LastShipment><ShipmentAmount>723</ShipmentAmount><StoreId>210144</StoreId><EshopType>04</EshopType></ShipmentDetail></Order><Order><EshopId>001</EshopId><OPMode>A</OPMode><EshopOrderNo>202306272139801</EshopOrderNo><EshopOrderDate>2023-06-27</EshopOrderDate><ServiceType>1</ServiceType><ShopperName>吳博弘</ShopperName><ShopperPhone> </ShopperPhone><ShopperMobilPhone> </ShopperMobilPhone><ShopperEmail> </ShopperEmail><ReceiverName>吳博弘</ReceiverName><ReceiverPhone> </ReceiverPhone><ReceiverMobilPhone>798</ReceiverMobilPhone><ReceiverEmail> </ReceiverEmail><ReceiverIDNumber> </ReceiverIDNumber><OrderAmount>298</OrderAmount><OrderDetail><ProductId> </ProductId><ProductName> </ProductName><Quantity> </Quantity><Unit> </Unit><UnitPrice> </UnitPrice></OrderDetail><ShipmentDetail><ShipmentNo>11225090</ShipmentNo><ShipDate>2023-06-28</ShipDate><ReturnDate>2023-07-06</ReturnDate><LastShipment>Y</LastShipment><ShipmentAmount>298</ShipmentAmount><StoreId>261038</StoreId><EshopType>04</EshopType></ShipmentDetail></Order><Order><EshopId>001</EshopId><OPMode>A</OPMode><EshopOrderNo>202306272167501</EshopOrderNo><EshopOrderDate>2023-06-27</EshopOrderDate><ServiceType>1</ServiceType><ShopperName>劉騰月</ShopperName><ShopperPhone> </ShopperPhone><ShopperMobilPhone> </ShopperMobilPhone><ShopperEmail> </ShopperEmail><ReceiverName>劉騰月</ReceiverName><ReceiverPhone> </ReceiverPhone><ReceiverMobilPhone>171</ReceiverMobilPhone><ReceiverEmail> </ReceiverEmail><ReceiverIDNumber> </ReceiverIDNumber><OrderAmount>699</OrderAmount><OrderDetail><ProductId> </ProductId><ProductName> </ProductName><Quantity> </Quantity><Unit> </Unit><UnitPrice> </UnitPrice></OrderDetail><ShipmentDetail><ShipmentNo>11225112</ShipmentNo><ShipDate>2023-06-28</ShipDate><ReturnDate>2023-07-06</ReturnDate><LastShipment>Y</LastShipment><ShipmentAmount>699</ShipmentAmount><StoreId>170071</StoreId><EshopType>04</EshopType></ShipmentDetail></Order><Order><EshopId>001</EshopId><OPMode>A</OPMode><EshopOrderNo>202306272176001</EshopOrderNo><EshopOrderDate>2023-06-27</EshopOrderDate><ServiceType>3</ServiceType><ShopperName>盧正壽</ShopperName><ShopperPhone> </ShopperPhone><ShopperMobilPhone> </ShopperMobilPhone><ShopperEmail> </ShopperEmail><ReceiverName>盧正壽</ReceiverName><ReceiverPhone> </ReceiverPhone><ReceiverMobilPhone>168</ReceiverMobilPhone><ReceiverEmail> </ReceiverEmail><ReceiverIDNumber> </ReceiverIDNumber><OrderAmount>710</OrderAmount><OrderDetail><ProductId> </ProductId><ProductName> </ProductName><Quantity> </Quantity><Unit> </Unit><UnitPrice> </UnitPrice></OrderDetail><ShipmentDetail><ShipmentNo>11225061</ShipmentNo><ShipDate>2023-06-28</ShipDate><ReturnDate>2023-07-06</ReturnDate><LastShipment>Y</LastShipment><ShipmentAmount>710</ShipmentAmount><StoreId>118338</StoreId><EshopType>04</EshopType></ShipmentDetail></Order><Order><EshopId>001</EshopId><OPMode>A</OPMode><EshopOrderNo>202306272391801</EshopOrderNo><EshopOrderDate>2023-06-27</EshopOrderDate><ServiceType>1</ServiceType><ShopperName>陳禹辰</ShopperName><ShopperPhone> </ShopperPhone><ShopperMobilPhone> </ShopperMobilPhone><ShopperEmail> </ShopperEmail><ReceiverName>陳禹辰</ReceiverName><ReceiverPhone> </ReceiverPhone><ReceiverMobilPhone>869</ReceiverMobilPhone><ReceiverEmail> </ReceiverEmail><ReceiverIDNumber> </ReceiverIDNumber><OrderAmount>794</OrderAmount><OrderDetail><ProductId> </ProductId><ProductName> </ProductName><Quantity> </Quantity><Unit> </Unit><UnitPrice> </UnitPrice></OrderDetail><ShipmentDetail><ShipmentNo>11225079</ShipmentNo><ShipDate>2023-06-28</ShipDate><ReturnDate>2023-07-06</ReturnDate><LastShipment>Y</LastShipment><ShipmentAmount>794</ShipmentAmount><StoreId>253277</StoreId><EshopType>04</EshopType></ShipmentDetail></Order><Order><EshopId>001</EshopId><OPMode>A</OPMode><EshopOrderNo>202306272503101</EshopOrderNo><EshopOrderDate>2023-06-27</EshopOrderDate><ServiceType>3</ServiceType><ShopperName>廖芳英</ShopperName><ShopperPhone> </ShopperPhone><ShopperMobilPhone> </ShopperMobilPhone><ShopperEmail> </ShopperEmail><ReceiverName>廖芳英</ReceiverName><ReceiverPhone> </ReceiverPhone><ReceiverMobilPhone>057</ReceiverMobilPhone><ReceiverEmail> </ReceiverEmail><ReceiverIDNumber> </ReceiverIDNumber><OrderAmount>721</OrderAmount><OrderDetail><ProductId> </ProductId><ProductName> </ProductName><Quantity> </Quantity><Unit> </Unit><UnitPrice> </UnitPrice></OrderDetail><ShipmentDetail><ShipmentNo>11225091</ShipmentNo><ShipDate>2023-06-28</ShipDate><ReturnDate>2023-07-06</ReturnDate><LastShipment>Y</LastShipment><ShipmentAmount>721</ShipmentAmount><StoreId>956167</StoreId><EshopType>04</EshopType></ShipmentDetail></Order><Order><EshopId>001</EshopId><OPMode>A</OPMode><EshopOrderNo>202306272536801</EshopOrderNo><EshopOrderDate>2023-06-27</EshopOrderDate><ServiceType>1</ServiceType><ShopperName>蔡振華</ShopperName><ShopperPhone> </ShopperPhone><ShopperMobilPhone> </ShopperMobilPhone><ShopperEmail> </ShopperEmail><ReceiverName>蔡振華</ReceiverName><ReceiverPhone> </ReceiverPhone><ReceiverMobilPhone>078</ReceiverMobilPhone><ReceiverEmail> </ReceiverEmail><ReceiverIDNumber> </ReceiverIDNumber><OrderAmount>683</OrderAmount><OrderDetail><ProductId> </ProductId><ProductName> </ProductName><Quantity> </Quantity><Unit> </Unit><UnitPrice> </UnitPrice></OrderDetail><ShipmentDetail><ShipmentNo>11225092</ShipmentNo><ShipDate>2023-06-28</ShipDate><ReturnDate>2023-07-06</ReturnDate><LastShipment>Y</LastShipment><ShipmentAmount>683</ShipmentAmount><StoreId>232144</StoreId><EshopType>04</EshopType></ShipmentDetail></Order><Order><EshopId>001</EshopId><OPMode>A</OPMode><EshopOrderNo>202306272610301</EshopOrderNo><EshopOrderDate>2023-06-27</EshopOrderDate><ServiceType>1</ServiceType><ShopperName>柯竣耀</ShopperName><ShopperPhone> </ShopperPhone><ShopperMobilPhone> </ShopperMobilPhone><ShopperEmail> </ShopperEmail><ReceiverName>柯竣耀</ReceiverName><ReceiverPhone> </ReceiverPhone><ReceiverMobilPhone>135</ReceiverMobilPhone><ReceiverEmail> </ReceiverEmail><ReceiverIDNumber> </ReceiverIDNumber><OrderAmount>271</OrderAmount><OrderDetail><ProductId> </ProductId><ProductName> </ProductName><Quantity> </Quantity><Unit> </Unit><UnitPrice> </UnitPrice></OrderDetail><ShipmentDetail><ShipmentNo>11225093</ShipmentNo><ShipDate>2023-06-28</ShipDate><ReturnDate>2023-07-06</ReturnDate><LastShipment>Y</LastShipment><ShipmentAmount>270</ShipmentAmount><StoreId>186618</StoreId><EshopType>04</EshopType></ShipmentDetail></Order><Order><EshopId>001</EshopId><OPMode>A</OPMode><EshopOrderNo>202306272649001</EshopOrderNo><EshopOrderDate>2023-06-27</EshopOrderDate><ServiceType>1</ServiceType><ShopperName>張祐嘉</ShopperName><ShopperPhone> </ShopperPhone><ShopperMobilPhone> </ShopperMobilPhone><ShopperEmail> </ShopperEmail><ReceiverName>張祐嘉</ReceiverName><ReceiverPhone> </ReceiverPhone><ReceiverMobilPhone>097</ReceiverMobilPhone><ReceiverEmail> </ReceiverEmail><ReceiverIDNumber> </ReceiverIDNumber><OrderAmount>591</OrderAmount><OrderDetail><ProductId> </ProductId><ProductName> </ProductName><Quantity> </Quantity><Unit> </Unit><UnitPrice> </UnitPrice></OrderDetail><ShipmentDetail><ShipmentNo>11225113</ShipmentNo><ShipDate>2023-06-28</ShipDate><ReturnDate>2023-07-06</ReturnDate><LastShipment>Y</LastShipment><ShipmentAmount>591</ShipmentAmount><StoreId>185925</StoreId><EshopType>04</EshopType></ShipmentDetail></Order><Order><EshopId>001</EshopId><OPMode>A</OPMode><EshopOrderNo>202306272708901</EshopOrderNo><EshopOrderDate>2023-06-27</EshopOrderDate><ServiceType>3</ServiceType><ShopperName>詹家鼎</ShopperName><ShopperPhone> </ShopperPhone><ShopperMobilPhone> </ShopperMobilPhone><ShopperEmail> </ShopperEmail><ReceiverName>詹家鼎</ReceiverName><ReceiverPhone> </ReceiverPhone><ReceiverMobilPhone>599</ReceiverMobilPhone><ReceiverEmail> </ReceiverEmail><ReceiverIDNumber> </ReceiverIDNumber><OrderAmount>378</OrderAmount><OrderDetail><ProductId> </ProductId><ProductName> </ProductName><Quantity> </Quantity><Unit> </Unit><UnitPrice> </UnitPrice></OrderDetail><ShipmentDetail><ShipmentNo>11225094</ShipmentNo><ShipDate>2023-06-28</ShipDate><ReturnDate>2023-07-06</ReturnDate><LastShipment>Y</LastShipment><ShipmentAmount>378</ShipmentAmount><StoreId>887100</StoreId><EshopType>04</EshopType></ShipmentDetail></Order><Order><EshopId>001</EshopId><OPMode>A</OPMode><EshopOrderNo>202306272709301</EshopOrderNo><EshopOrderDate>2023-06-27</EshopOrderDate><ServiceType>1</ServiceType><ShopperName>方亭婷</ShopperName><ShopperPhone> </ShopperPhone><ShopperMobilPhone> </ShopperMobilPhone><ShopperEmail> </ShopperEmail><ReceiverName>方亭婷</ReceiverName><ReceiverPhone> </ReceiverPhone><ReceiverMobilPhone>101</ReceiverMobilPhone><ReceiverEmail> </ReceiverEmail><ReceiverIDNumber> </ReceiverIDNumber><OrderAmount>315</OrderAmount><OrderDetail><ProductId> </ProductId><ProductName> </ProductName><Quantity> </Quantity><Unit> </Unit><UnitPrice> </UnitPrice></OrderDetail><ShipmentDetail><ShipmentNo>11225095</ShipmentNo><ShipDate>2023-06-28</ShipDate><ReturnDate>2023-07-06</ReturnDate><LastShipment>Y</LastShipment><ShipmentAmount>315</ShipmentAmount><StoreId>214456</StoreId><EshopType>04</EshopType></ShipmentDetail></Order><Order><EshopId>001</EshopId><OPMode>A</OPMode><EshopOrderNo>202306272760401</EshopOrderNo><EshopOrderDate>2023-06-27</EshopOrderDate><ServiceType>1</ServiceType><ShopperName>蔡竣安</ShopperName><ShopperPhone> </ShopperPhone><ShopperMobilPhone> </ShopperMobilPhone><ShopperEmail> </ShopperEmail><ReceiverName>蔡竣安</ReceiverName><ReceiverPhone> </ReceiverPhone><ReceiverMobilPhone>707</ReceiverMobilPhone><ReceiverEmail> </ReceiverEmail><ReceiverIDNumber> </ReceiverIDNumber><OrderAmount>650</OrderAmount><OrderDetail><ProductId> </ProductId><ProductName> </ProductName><Quantity> </Quantity><Unit> </Unit><UnitPrice> </UnitPrice></OrderDetail><ShipmentDetail><ShipmentNo>11225062</ShipmentNo><ShipDate>2023-06-28</ShipDate><ReturnDate>2023-07-06</ReturnDate><LastShipment>Y</LastShipment><ShipmentAmount>650</ShipmentAmount><StoreId>165367</StoreId><EshopType>04</EshopType></ShipmentDetail></Order><Order><EshopId>001</EshopId><OPMode>A</OPMode><EshopOrderNo>202306272865101</EshopOrderNo><EshopOrderDate>2023-06-27</EshopOrderDate><ServiceType>1</ServiceType><ShopperName>蔡明昌</ShopperName><ShopperPhone> </ShopperPhone><ShopperMobilPhone> </ShopperMobilPhone><ShopperEmail> </ShopperEmail><ReceiverName>蔡明昌</ReceiverName><ReceiverPhone> </ReceiverPhone><ReceiverMobilPhone>275</ReceiverMobilPhone><ReceiverEmail> </ReceiverEmail><ReceiverIDNumber> </ReceiverIDNumber><OrderAmount>403</OrderAmount><OrderDetail><ProductId> </ProductId><ProductName> </ProductName><Quantity> </Quantity><Unit> </Unit><UnitPrice> </UnitPrice></OrderDetail><ShipmentDetail><ShipmentNo>11225080</ShipmentNo><ShipDate>2023-06-28</ShipDate><ReturnDate>2023-07-06</ReturnDate><LastShipment>Y</LastShipment><ShipmentAmount>403</ShipmentAmount><StoreId>251237</StoreId><EshopType>04</EshopType></ShipmentDetail></Order><Order><EshopId>001</EshopId><OPMode>A</OPMode><EshopOrderNo>202306272963701</EshopOrderNo><EshopOrderDate>2023-06-27</EshopOrderDate><ServiceType>3</ServiceType><ShopperName>林文君</ShopperName><ShopperPhone> </ShopperPhone><ShopperMobilPhone> </ShopperMobilPhone><ShopperEmail> </ShopperEmail><ReceiverName>林文君</ReceiverName><ReceiverPhone> </ReceiverPhone><ReceiverMobilPhone>719</ReceiverMobilPhone><ReceiverEmail> </ReceiverEmail><ReceiverIDNumber> </ReceiverIDNumber><OrderAmount>672</OrderAmount><OrderDetail><ProductId> </ProductId><ProductName> </ProductName><Quantity> </Quantity><Unit> </Unit><UnitPrice> </UnitPrice></OrderDetail><ShipmentDetail><ShipmentNo>11225114</ShipmentNo><ShipDate>2023-06-28</ShipDate><ReturnDate>2023-07-06</ReturnDate><LastShipment>Y</LastShipment><ShipmentAmount>672</ShipmentAmount><StoreId>261658</StoreId><EshopType>04</EshopType></ShipmentDetail></Order><Order><EshopId>001</EshopId><OPMode>A</OPMode><EshopOrderNo>202306273029801</EshopOrderNo><EshopOrderDate>2023-06-27</EshopOrderDate><ServiceType>3</ServiceType><ShopperName>林中興</ShopperName><ShopperPhone> </ShopperPhone><ShopperMobilPhone> </ShopperMobilPhone><ShopperEmail> </ShopperEmail><ReceiverName>林中興</ReceiverName><ReceiverPhone> </ReceiverPhone><ReceiverMobilPhone>287</ReceiverMobilPhone><ReceiverEmail> </ReceiverEmail><ReceiverIDNumber> </ReceiverIDNumber><OrderAmount>568</OrderAmount><OrderDetail><ProductId> </ProductId><ProductName> </ProductName><Quantity> </Quantity><Unit> </Unit><UnitPrice> </UnitPrice></OrderDetail><ShipmentDetail><ShipmentNo>11225081</ShipmentNo><ShipDate>2023-06-28</ShipDate><ReturnDate>2023-07-06</ReturnDate><LastShipment>Y</LastShipment><ShipmentAmount>568</ShipmentAmount><StoreId>183572</StoreId><EshopType>04</EshopType></ShipmentDetail></Order><Order><EshopId>001</EshopId><OPMode>A</OPMode><EshopOrderNo>202306273189401</EshopOrderNo><EshopOrderDate>2023-06-27</EshopOrderDate><ServiceType>1</ServiceType><ShopperName>田建原</ShopperName><ShopperPhone> </ShopperPhone><ShopperMobilPhone> </ShopperMobilPhone><ShopperEmail> </ShopperEmail><ReceiverName>田建原</ReceiverName><ReceiverPhone> </ReceiverPhone><ReceiverMobilPhone>770</ReceiverMobilPhone><ReceiverEmail> </ReceiverEmail><ReceiverIDNumber> </ReceiverIDNumber><OrderAmount>478</OrderAmount><OrderDetail><ProductId> </ProductId><ProductName> </ProductName><Quantity> </Quantity><Unit> </Unit><UnitPrice> </UnitPrice></OrderDetail><ShipmentDetail><ShipmentNo>11225115</ShipmentNo><ShipDate>2023-06-28</ShipDate><ReturnDate>2023-07-06</ReturnDate><LastShipment>Y</LastShipment><ShipmentAmount>478</ShipmentAmount><StoreId>893840</StoreId><EshopType>04</EshopType></ShipmentDetail></Order><Order><EshopId>001</EshopId><OPMode>A</OPMode><EshopOrderNo>202306273718201</EshopOrderNo><EshopOrderDate>2023-06-27</EshopOrderDate><ServiceType>3</ServiceType><ShopperName>王雅宜</ShopperName><ShopperPhone> </ShopperPhone><ShopperMobilPhone> </ShopperMobilPhone><ShopperEmail> </ShopperEmail><ReceiverName>王雅宜</ReceiverName><ReceiverPhone> </ReceiverPhone><ReceiverMobilPhone>862</ReceiverMobilPhone><ReceiverEmail> </ReceiverEmail><ReceiverIDNumber> </ReceiverIDNumber><OrderAmount>1548</OrderAmount><OrderDetail><ProductId> </ProductId><ProductName> </ProductName><Quantity> </Quantity><Unit> </Unit><UnitPrice> </UnitPrice></OrderDetail><ShipmentDetail><ShipmentNo>11225116</ShipmentNo><ShipDate>2023-06-28</ShipDate><ReturnDate>2023-07-06</ReturnDate><LastShipment>Y</LastShipment><ShipmentAmount>1548</ShipmentAmount><StoreId>242808</StoreId><EshopType>04</EshopType></ShipmentDetail></Order><Order><EshopId>001</EshopId><OPMode>A</OPMode><EshopOrderNo>202306273924101</EshopOrderNo><EshopOrderDate>2023-06-27</EshopOrderDate><ServiceType>3</ServiceType><ShopperName>陳亭宇</ShopperName><ShopperPhone> </ShopperPhone><ShopperMobilPhone> </ShopperMobilPhone><ShopperEmail> </ShopperEmail><ReceiverName>陳亭宇</ReceiverName><ReceiverPhone> </ReceiverPhone><ReceiverMobilPhone>348</ReceiverMobilPhone><ReceiverEmail> </ReceiverEmail><ReceiverIDNumber> </ReceiverIDNumber><OrderAmount>1779</OrderAmount><OrderDetail><ProductId> </ProductId><ProductName> </ProductName><Quantity> </Quantity><Unit> </Unit><UnitPrice> </UnitPrice></OrderDetail><ShipmentDetail><ShipmentNo>11225096</ShipmentNo><ShipDate>2023-06-28</ShipDate><ReturnDate>2023-07-06</ReturnDate><LastShipment>Y</LastShipment><ShipmentAmount>1779</ShipmentAmount><StoreId>942191</StoreId><EshopType>04</EshopType></ShipmentDetail></Order><Order><EshopId>001</EshopId><OPMode>A</OPMode><EshopOrderNo>202306273967001</EshopOrderNo><EshopOrderDate>2023-06-27</EshopOrderDate><ServiceType>3</ServiceType><ShopperName>王淑蘭</ShopperName><ShopperPhone> </ShopperPhone><ShopperMobilPhone> </ShopperMobilPhone><ShopperEmail> </ShopperEmail><ReceiverName>王淑蘭</ReceiverName><ReceiverPhone> </ReceiverPhone><ReceiverMobilPhone>346</ReceiverMobilPhone><ReceiverEmail> </ReceiverEmail><ReceiverIDNumber> </ReceiverIDNumber><OrderAmount>985</OrderAmount><OrderDetail><ProductId> </ProductId><ProductName> </ProductName><Quantity> </Quantity><Unit> </Unit><UnitPrice> </UnitPrice></OrderDetail><ShipmentDetail><ShipmentNo>11225097</ShipmentNo><ShipDate>2023-06-28</ShipDate><ReturnDate>2023-07-06</ReturnDate><LastShipment>Y</LastShipment><ShipmentAmount>985</ShipmentAmount><StoreId>159007</StoreId><EshopType>04</EshopType></ShipmentDetail></Order><Order><EshopId>001</EshopId><OPMode>A</OPMode><EshopOrderNo>202306274128001</EshopOrderNo><EshopOrderDate>2023-06-27</EshopOrderDate><ServiceType>3</ServiceType><ShopperName>黃渲皓</ShopperName><ShopperPhone> </ShopperPhone><ShopperMobilPhone> </ShopperMobilPhone><ShopperEmail> </ShopperEmail><ReceiverName>黃渲皓</ReceiverName><ReceiverPhone> </ReceiverPhone><ReceiverMobilPhone>668</ReceiverMobilPhone><ReceiverEmail> </ReceiverEmail><ReceiverIDNumber> </ReceiverIDNumber><OrderAmount>710</OrderAmount><OrderDetail><ProductId> </ProductId><ProductName> </ProductName><Quantity> </Quantity><Unit> </Unit><UnitPrice> </UnitPrice></OrderDetail><ShipmentDetail><ShipmentNo>11225098</ShipmentNo><ShipDate>2023-06-28</ShipDate><ReturnDate>2023-07-06</ReturnDate><LastShipment>Y</LastShipment><ShipmentAmount>710</ShipmentAmount><StoreId>885539</StoreId><EshopType>04</EshopType></ShipmentDetail></Order><Order><EshopId>001</EshopId><OPMode>A</OPMode><EshopOrderNo>202306274176201</EshopOrderNo><EshopOrderDate>2023-06-27</EshopOrderDate><ServiceType>1</ServiceType><ShopperName>陳坤祥</ShopperName><ShopperPhone> </ShopperPhone><ShopperMobilPhone> </ShopperMobilPhone><ShopperEmail> </ShopperEmail><ReceiverName>陳坤祥</ReceiverName><ReceiverPhone> </ReceiverPhone><ReceiverMobilPhone>292</ReceiverMobilPhone><ReceiverEmail> </ReceiverEmail><ReceiverIDNumber> </ReceiverIDNumber><OrderAmount>434</OrderAmount><OrderDetail><ProductId> </ProductId><ProductName> </ProductName><Quantity> </Quantity><Unit> </Unit><UnitPrice> </UnitPrice></OrderDetail><ShipmentDetail><ShipmentNo>11225063</ShipmentNo><ShipDate>2023-06-28</ShipDate><ReturnDate>2023-07-06</ReturnDate><LastShipment>Y</LastShipment><ShipmentAmount>434</ShipmentAmount><StoreId>173807</StoreId><EshopType>04</EshopType></ShipmentDetail></Order><Order><EshopId>001</EshopId><OPMode>A</OPMode><EshopOrderNo>202306274213001</EshopOrderNo><EshopOrderDate>2023-06-27</EshopOrderDate><ServiceType>3</ServiceType><ShopperName>林中興</ShopperName><ShopperPhone> </ShopperPhone><ShopperMobilPhone> </ShopperMobilPhone><ShopperEmail> </ShopperEmail><ReceiverName>林中興</ReceiverName><ReceiverPhone> </ReceiverPhone><ReceiverMobilPhone>287</ReceiverMobilPhone><ReceiverEmail> </ReceiverEmail><ReceiverIDNumber> </ReceiverIDNumber><OrderAmount>456</OrderAmount><OrderDetail><ProductId> </ProductId><ProductName> </ProductName><Quantity> </Quantity><Unit> </Unit><UnitPrice> </UnitPrice></OrderDetail><ShipmentDetail><ShipmentNo>11225117</ShipmentNo><ShipDate>2023-06-28</ShipDate><ReturnDate>2023-07-06</ReturnDate><LastShipment>Y</LastShipment><ShipmentAmount>456</ShipmentAmount><StoreId>183572</StoreId><EshopType>04</EshopType></ShipmentDetail></Order><Order><EshopId>001</EshopId><OPMode>A</OPMode><EshopOrderNo>202306274271601</EshopOrderNo><EshopOrderDate>2023-06-27</EshopOrderDate><ServiceType>1</ServiceType><ShopperName>陳裛倫</ShopperName><ShopperPhone> </ShopperPhone><ShopperMobilPhone> </ShopperMobilPhone><ShopperEmail> </ShopperEmail><ReceiverName>陳裛倫</ReceiverName><ReceiverPhone> </ReceiverPhone><ReceiverMobilPhone>903</ReceiverMobilPhone><ReceiverEmail> </ReceiverEmail><ReceiverIDNumber> </ReceiverIDNumber><OrderAmount>365</OrderAmount><OrderDetail><ProductId> </ProductId><ProductName> </ProductName><Quantity> </Quantity><Unit> </Unit><UnitPrice> </UnitPrice></OrderDetail><ShipmentDetail><ShipmentNo>11225082</ShipmentNo><ShipDate>2023-06-28</ShipDate><ReturnDate>2023-07-06</ReturnDate><LastShipment>Y</LastShipment><ShipmentAmount>365</ShipmentAmount><StoreId>111913</StoreId><EshopType>04</EshopType></ShipmentDetail></Order><Order><EshopId>001</EshopId><OPMode>A</OPMode><EshopOrderNo>202306274502601</EshopOrderNo><EshopOrderDate>2023-06-27</EshopOrderDate><ServiceType>1</ServiceType><ShopperName>王智寬</ShopperName><ShopperPhone> </ShopperPhone><ShopperMobilPhone> </ShopperMobilPhone><ShopperEmail> </ShopperEmail><ReceiverName>王智寬</ReceiverName><ReceiverPhone> </ReceiverPhone><ReceiverMobilPhone>919</ReceiverMobilPhone><ReceiverEmail> </ReceiverEmail><ReceiverIDNumber> </ReceiverIDNumber><OrderAmount>319</OrderAmount><OrderDetail><ProductId> </ProductId><ProductName> </ProductName><Quantity> </Quantity><Unit> </Unit><UnitPrice> </UnitPrice></OrderDetail><ShipmentDetail><ShipmentNo>11225099</ShipmentNo><ShipDate>2023-06-28</ShipDate><ReturnDate>2023-07-06</ReturnDate><LastShipment>Y</LastShipment><ShipmentAmount>319</ShipmentAmount><StoreId>206927</StoreId><EshopType>04</EshopType></ShipmentDetail></Order><Order><EshopId>001</EshopId><OPMode>A</OPMode><EshopOrderNo>202306274590801</EshopOrderNo><EshopOrderDate>2023-06-27</EshopOrderDate><ServiceType>3</ServiceType><ShopperName>鄧耀俊</ShopperName><ShopperPhone> </ShopperPhone><ShopperMobilPhone> </ShopperMobilPhone><ShopperEmail> </ShopperEmail><ReceiverName>鄧耀俊</ReceiverName><ReceiverPhone> </ReceiverPhone><ReceiverMobilPhone>583</ReceiverMobilPhone><ReceiverEmail> </ReceiverEmail><ReceiverIDNumber> </ReceiverIDNumber><OrderAmount>839</OrderAmount><OrderDetail><ProductId> </ProductId><ProductName> </ProductName><Quantity> </Quantity><Unit> </Unit><UnitPrice> </UnitPrice></OrderDetail><ShipmentDetail><ShipmentNo>11225100</ShipmentNo><ShipDate>2023-06-28</ShipDate><ReturnDate>2023-07-06</ReturnDate><LastShipment>Y</LastShipment><ShipmentAmount>839</ShipmentAmount><StoreId>238533</StoreId><EshopType>04</EshopType></ShipmentDetail></Order><Order><EshopId>001</EshopId><OPMode>A</OPMode><EshopOrderNo>202306274591301</EshopOrderNo><EshopOrderDate>2023-06-27</EshopOrderDate><ServiceType>1</ServiceType><ShopperName>林怡菁</ShopperName><ShopperPhone> </ShopperPhone><ShopperMobilPhone> </ShopperMobilPhone><ShopperEmail> </ShopperEmail><ReceiverName>林怡菁</ReceiverName><ReceiverPhone> </ReceiverPhone><ReceiverMobilPhone>177</ReceiverMobilPhone><ReceiverEmail> </ReceiverEmail><ReceiverIDNumber> </ReceiverIDNumber><OrderAmount>614</OrderAmount><OrderDetail><ProductId> </ProductId><ProductName> </ProductName><Quantity> </Quantity><Unit> </Unit><UnitPrice> </UnitPrice></OrderDetail><ShipmentDetail><ShipmentNo>11225122</ShipmentNo><ShipDate>2023-06-28</ShipDate><ReturnDate>2023-07-06</ReturnDate><LastShipment>Y</LastShipment><ShipmentAmount>599</ShipmentAmount><StoreId>251352</StoreId><EshopType>04</EshopType></ShipmentDetail></Order><Order><EshopId>001</EshopId><OPMode>A</OPMode><EshopOrderNo>202306274650701</EshopOrderNo><EshopOrderDate>2023-06-27</EshopOrderDate><ServiceType>1</ServiceType><ShopperName>王彥翔</ShopperName><ShopperPhone> </ShopperPhone><ShopperMobilPhone> </ShopperMobilPhone><ShopperEmail> </ShopperEmail><ReceiverName>王彥翔</ReceiverName><ReceiverPhone> </ReceiverPhone><ReceiverMobilPhone>681</ReceiverMobilPhone><ReceiverEmail> </ReceiverEmail><ReceiverIDNumber> </ReceiverIDNumber><OrderAmount>277</OrderAmount><OrderDetail><ProductId> </ProductId><ProductName> </ProductName><Quantity> </Quantity><Unit> </Unit><UnitPrice> </UnitPrice></OrderDetail><ShipmentDetail><ShipmentNo>11225064</ShipmentNo><ShipDate>2023-06-28</ShipDate><ReturnDate>2023-07-06</ReturnDate><LastShipment>Y</LastShipment><ShipmentAmount>277</ShipmentAmount><StoreId>942227</StoreId><EshopType>04</EshopType></ShipmentDetail></Order><Order><EshopId>001</EshopId><OPMode>A</OPMode><EshopOrderNo>202306274790601</EshopOrderNo><EshopOrderDate>2023-06-27</EshopOrderDate><ServiceType>3</ServiceType><ShopperName>盧俊吉</ShopperName><ShopperPhone> </ShopperPhone><ShopperMobilPhone> </ShopperMobilPhone><ShopperEmail> </ShopperEmail><ReceiverName>盧俊吉</ReceiverName><ReceiverPhone> </ReceiverPhone><ReceiverMobilPhone>881</ReceiverMobilPhone><ReceiverEmail> </ReceiverEmail><ReceiverIDNumber> </ReceiverIDNumber><OrderAmount>683</OrderAmount><OrderDetail><ProductId> </ProductId><ProductName> </ProductName><Quantity> </Quantity><Unit> </Unit><UnitPrice> </UnitPrice></OrderDetail><ShipmentDetail><ShipmentNo>11225083</ShipmentNo><ShipDate>2023-06-28</ShipDate><ReturnDate>2023-07-06</ReturnDate><LastShipment>Y</LastShipment><ShipmentAmount>683</ShipmentAmount><StoreId>990053</StoreId><EshopType>04</EshopType></ShipmentDetail></Order><Order><EshopId>001</EshopId><OPMode>A</OPMode><EshopOrderNo>202306274850301</EshopOrderNo><EshopOrderDate>2023-06-27</EshopOrderDate><ServiceType>1</ServiceType><ShopperName>陳淑萍</ShopperName><ShopperPhone> </ShopperPhone><ShopperMobilPhone> </ShopperMobilPhone><ShopperEmail> </ShopperEmail><ReceiverName>陳淑萍</ReceiverName><ReceiverPhone> </ReceiverPhone><ReceiverMobilPhone>262</ReceiverMobilPhone><ReceiverEmail> </ReceiverEmail><ReceiverIDNumber> </ReceiverIDNumber><OrderAmount>681</OrderAmount><OrderDetail><ProductId> </ProductId><ProductName> </ProductName><Quantity> </Quantity><Unit> </Unit><UnitPrice> </UnitPrice></OrderDetail><ShipmentDetail><ShipmentNo>11225065</ShipmentNo><ShipDate>2023-06-28</ShipDate><ReturnDate>2023-07-06</ReturnDate><LastShipment>Y</LastShipment><ShipmentAmount>665</ShipmentAmount><StoreId>127402</StoreId><EshopType>04</EshopType></ShipmentDetail></Order><Order><EshopId>001</EshopId><OPMode>A</OPMode><EshopOrderNo>202306274869701</EshopOrderNo><EshopOrderDate>2023-06-27</EshopOrderDate><ServiceType>3</ServiceType><ShopperName>施雅心</ShopperName><ShopperPhone> </ShopperPhone><ShopperMobilPhone> </ShopperMobilPhone><ShopperEmail> </ShopperEmail><ReceiverName>施雅心</ReceiverName><ReceiverPhone> </ReceiverPhone><ReceiverMobilPhone>678</ReceiverMobilPhone><ReceiverEmail> </ReceiverEmail><ReceiverIDNumber> </ReceiverIDNumber><OrderAmount>629</OrderAmount><OrderDetail><ProductId> </ProductId><ProductName> </ProductName><Quantity> </Quantity><Unit> </Unit><UnitPrice> </UnitPrice></OrderDetail><ShipmentDetail><ShipmentNo>11225066</ShipmentNo><ShipDate>2023-06-28</ShipDate><ReturnDate>2023-07-06</ReturnDate><LastShipment>Y</LastShipment><ShipmentAmount>629</ShipmentAmount><StoreId>236973</StoreId><EshopType>04</EshopType></ShipmentDetail></Order></DocContent></OrderDoc> 