﻿<?xml version="1.0" encoding="UTF-8"?><OrderDoc><DocHead><DocNo>7850012023062825</DocNo><DocDate>2023-06-28</DocDate><ParentId>785</ParentId></DocHead><DocContent><Order><EshopId>001</EshopId><OPMode>A</OPMode><EshopOrderNo>202306163417201</EshopOrderNo><EshopOrderDate>2023-06-16</EshopOrderDate><ServiceType>1</ServiceType><ShopperName>李欣怡</ShopperName><ShopperPhone> </ShopperPhone><ShopperMobilPhone> </ShopperMobilPhone><ShopperEmail> </ShopperEmail><ReceiverName>李欣怡</ReceiverName><ReceiverPhone> </ReceiverPhone><ReceiverMobilPhone>121</ReceiverMobilPhone><ReceiverEmail> </ReceiverEmail><ReceiverIDNumber> </ReceiverIDNumber><OrderAmount>480</OrderAmount><OrderDetail><ProductId> </ProductId><ProductName> </ProductName><Quantity> </Quantity><Unit> </Unit><UnitPrice> </UnitPrice></OrderDetail><ShipmentDetail><ShipmentNo>11224719</ShipmentNo><ShipDate>2023-06-28</ShipDate><ReturnDate>2023-07-06</ReturnDate><LastShipment>Y</LastShipment><ShipmentAmount>480</ShipmentAmount><StoreId>121770</StoreId><EshopType>04</EshopType></ShipmentDetail></Order><Order><EshopId>001</EshopId><OPMode>A</OPMode><EshopOrderNo>202306270213601</EshopOrderNo><EshopOrderDate>2023-06-27</EshopOrderDate><ServiceType>3</ServiceType><ShopperName>宋琳娥</ShopperName><ShopperPhone> </ShopperPhone><ShopperMobilPhone> </ShopperMobilPhone><ShopperEmail> </ShopperEmail><ReceiverName>宋琳娥</ReceiverName><ReceiverPhone> </ReceiverPhone><ReceiverMobilPhone>525</ReceiverMobilPhone><ReceiverEmail> </ReceiverEmail><ReceiverIDNumber> </ReceiverIDNumber><OrderAmount>794</OrderAmount><OrderDetail><ProductId> </ProductId><ProductName> </ProductName><Quantity> </Quantity><Unit> </Unit><UnitPrice> </UnitPrice></OrderDetail><ShipmentDetail><ShipmentNo>11225146</ShipmentNo><ShipDate>2023-06-28</ShipDate><ReturnDate>2023-07-06</ReturnDate><LastShipment>Y</LastShipment><ShipmentAmount>794</ShipmentAmount><StoreId>239075</StoreId><EshopType>04</EshopType></ShipmentDetail></Order><Order><EshopId>001</EshopId><OPMode>A</OPMode><EshopOrderNo>202306270369101</EshopOrderNo><EshopOrderDate>2023-06-27</EshopOrderDate><ServiceType>3</ServiceType><ShopperName>李岱樺</ShopperName><ShopperPhone> </ShopperPhone><ShopperMobilPhone> </ShopperMobilPhone><ShopperEmail> </ShopperEmail><ReceiverName>李岱樺</ReceiverName><ReceiverPhone> </ReceiverPhone><ReceiverMobilPhone>060</ReceiverMobilPhone><ReceiverEmail> </ReceiverEmail><ReceiverIDNumber> </ReceiverIDNumber><OrderAmount>882</OrderAmount><OrderDetail><ProductId> </ProductId><ProductName> </ProductName><Quantity> </Quantity><Unit> </Unit><UnitPrice> </UnitPrice></OrderDetail><ShipmentDetail><ShipmentNo>11225147</ShipmentNo><ShipDate>2023-06-28</ShipDate><ReturnDate>2023-07-06</ReturnDate><LastShipment>Y</LastShipment><ShipmentAmount>882</ShipmentAmount><StoreId>232694</StoreId><EshopType>04</EshopType></ShipmentDetail></Order><Order><EshopId>001</EshopId><OPMode>A</OPMode><EshopOrderNo>202306270769301</EshopOrderNo><EshopOrderDate>2023-06-27</EshopOrderDate><ServiceType>1</ServiceType><ShopperName>林泰毅</ShopperName><ShopperPhone> </ShopperPhone><ShopperMobilPhone> </ShopperMobilPhone><ShopperEmail> </ShopperEmail><ReceiverName>林泰毅</ReceiverName><ReceiverPhone> </ReceiverPhone><ReceiverMobilPhone>233</ReceiverMobilPhone><ReceiverEmail> </ReceiverEmail><ReceiverIDNumber> </ReceiverIDNumber><OrderAmount>701</OrderAmount><OrderDetail><ProductId> </ProductId><ProductName> </ProductName><Quantity> </Quantity><Unit> </Unit><UnitPrice> </UnitPrice></OrderDetail><ShipmentDetail><ShipmentNo>11225124</ShipmentNo><ShipDate>2023-06-28</ShipDate><ReturnDate>2023-07-06</ReturnDate><LastShipment>Y</LastShipment><ShipmentAmount>701</ShipmentAmount><StoreId>250500</StoreId><EshopType>04</EshopType></ShipmentDetail></Order><Order><EshopId>001</EshopId><OPMode>A</OPMode><EshopOrderNo>202306270842901</EshopOrderNo><EshopOrderDate>2023-06-27</EshopOrderDate><ServiceType>3</ServiceType><ShopperName>陳姿伶</ShopperName><ShopperPhone> </ShopperPhone><ShopperMobilPhone> </ShopperMobilPhone><ShopperEmail> </ShopperEmail><ReceiverName>陳姿伶</ReceiverName><ReceiverPhone> </ReceiverPhone><ReceiverMobilPhone>088</ReceiverMobilPhone><ReceiverEmail> </ReceiverEmail><ReceiverIDNumber> </ReceiverIDNumber><OrderAmount>628</OrderAmount><OrderDetail><ProductId> </ProductId><ProductName> </ProductName><Quantity> </Quantity><Unit> </Unit><UnitPrice> </UnitPrice></OrderDetail><ShipmentDetail><ShipmentNo>11225148</ShipmentNo><ShipDate>2023-06-28</ShipDate><ReturnDate>2023-07-06</ReturnDate><LastShipment>Y</LastShipment><ShipmentAmount>628</ShipmentAmount><StoreId>110426</StoreId><EshopType>04</EshopType></ShipmentDetail></Order><Order><EshopId>001</EshopId><OPMode>A</OPMode><EshopOrderNo>202306270984501</EshopOrderNo><EshopOrderDate>2023-06-27</EshopOrderDate><ServiceType>3</ServiceType><ShopperName>馬鴻玲</ShopperName><ShopperPhone> </ShopperPhone><ShopperMobilPhone> </ShopperMobilPhone><ShopperEmail> </ShopperEmail><ReceiverName>馬鴻玲</ReceiverName><ReceiverPhone> </ReceiverPhone><ReceiverMobilPhone>317</ReceiverMobilPhone><ReceiverEmail> </ReceiverEmail><ReceiverIDNumber> </ReceiverIDNumber><OrderAmount>695</OrderAmount><OrderDetail><ProductId> </ProductId><ProductName> </ProductName><Quantity> </Quantity><Unit> </Unit><UnitPrice> </UnitPrice></OrderDetail><ShipmentDetail><ShipmentNo>11225125</ShipmentNo><ShipDate>2023-06-28</ShipDate><ReturnDate>2023-07-06</ReturnDate><LastShipment>Y</LastShipment><ShipmentAmount>695</ShipmentAmount><StoreId>237840</StoreId><EshopType>04</EshopType></ShipmentDetail></Order><Order><EshopId>001</EshopId><OPMode>A</OPMode><EshopOrderNo>202306271034601</EshopOrderNo><EshopOrderDate>2023-06-27</EshopOrderDate><ServiceType>1</ServiceType><ShopperName>mika</ShopperName><ShopperPhone> </ShopperPhone><ShopperMobilPhone> </ShopperMobilPhone><ShopperEmail> </ShopperEmail><ReceiverName>mika</ReceiverName><ReceiverPhone> </ReceiverPhone><ReceiverMobilPhone>528</ReceiverMobilPhone><ReceiverEmail> </ReceiverEmail><ReceiverIDNumber> </ReceiverIDNumber><OrderAmount>758</OrderAmount><OrderDetail><ProductId> </ProductId><ProductName> </ProductName><Quantity> </Quantity><Unit> </Unit><UnitPrice> </UnitPrice></OrderDetail><ShipmentDetail><ShipmentNo>11225153</ShipmentNo><ShipDate>2023-06-28</ShipDate><ReturnDate>2023-07-06</ReturnDate><LastShipment>Y</LastShipment><ShipmentAmount>751</ShipmentAmount><StoreId>130268</StoreId><EshopType>04</EshopType></ShipmentDetail></Order><Order><EshopId>001</EshopId><OPMode>A</OPMode><EshopOrderNo>202306271047801</EshopOrderNo><EshopOrderDate>2023-06-27</EshopOrderDate><ServiceType>1</ServiceType><ShopperName>張藝</ShopperName><ShopperPhone> </ShopperPhone><ShopperMobilPhone> </ShopperMobilPhone><ShopperEmail> </ShopperEmail><ReceiverName>張藝</ReceiverName><ReceiverPhone> </ReceiverPhone><ReceiverMobilPhone>501</ReceiverMobilPhone><ReceiverEmail> </ReceiverEmail><ReceiverIDNumber> </ReceiverIDNumber><OrderAmount>2572</OrderAmount><OrderDetail><ProductId> </ProductId><ProductName> </ProductName><Quantity> </Quantity><Unit> </Unit><UnitPrice> </UnitPrice></OrderDetail><ShipmentDetail><ShipmentNo>11225154</ShipmentNo><ShipDate>2023-06-28</ShipDate><ReturnDate>2023-07-06</ReturnDate><LastShipment>Y</LastShipment><ShipmentAmount>2572</ShipmentAmount><StoreId>160063</StoreId><EshopType>04</EshopType></ShipmentDetail></Order><Order><EshopId>001</EshopId><OPMode>A</OPMode><EshopOrderNo>202306271429501</EshopOrderNo><EshopOrderDate>2023-06-27</EshopOrderDate><ServiceType>3</ServiceType><ShopperName>楊采恩</ShopperName><ShopperPhone> </ShopperPhone><ShopperMobilPhone> </ShopperMobilPhone><ShopperEmail> </ShopperEmail><ReceiverName>楊采恩</ReceiverName><ReceiverPhone> </ReceiverPhone><ReceiverMobilPhone>309</ReceiverMobilPhone><ReceiverEmail> </ReceiverEmail><ReceiverIDNumber> </ReceiverIDNumber><OrderAmount>2949</OrderAmount><OrderDetail><ProductId> </ProductId><ProductName> </ProductName><Quantity> </Quantity><Unit> </Unit><UnitPrice> </UnitPrice></OrderDetail><ShipmentDetail><ShipmentNo>11225126</ShipmentNo><ShipDate>2023-06-28</ShipDate><ReturnDate>2023-07-06</ReturnDate><LastShipment>Y</LastShipment><ShipmentAmount>2949</ShipmentAmount><StoreId>252643</StoreId><EshopType>04</EshopType></ShipmentDetail></Order><Order><EshopId>001</EshopId><OPMode>A</OPMode><EshopOrderNo>202306271456301</EshopOrderNo><EshopOrderDate>2023-06-27</EshopOrderDate><ServiceType>1</ServiceType><ShopperName>鍾騰輝</ShopperName><ShopperPhone> </ShopperPhone><ShopperMobilPhone> </ShopperMobilPhone><ShopperEmail> </ShopperEmail><ReceiverName>鍾騰輝</ReceiverName><ReceiverPhone> </ReceiverPhone><ReceiverMobilPhone>696</ReceiverMobilPhone><ReceiverEmail> </ReceiverEmail><ReceiverIDNumber> </ReceiverIDNumber><OrderAmount>843</OrderAmount><OrderDetail><ProductId> </ProductId><ProductName> </ProductName><Quantity> </Quantity><Unit> </Unit><UnitPrice> </UnitPrice></OrderDetail><ShipmentDetail><ShipmentNo>11225155</ShipmentNo><ShipDate>2023-06-28</ShipDate><ReturnDate>2023-07-06</ReturnDate><LastShipment>Y</LastShipment><ShipmentAmount>843</ShipmentAmount><StoreId>170130</StoreId><EshopType>04</EshopType></ShipmentDetail></Order><Order><EshopId>001</EshopId><OPMode>A</OPMode><EshopOrderNo>202306271690201</EshopOrderNo><EshopOrderDate>2023-06-27</EshopOrderDate><ServiceType>3</ServiceType><ShopperName>李純妃</ShopperName><ShopperPhone> </ShopperPhone><ShopperMobilPhone> </ShopperMobilPhone><ShopperEmail> </ShopperEmail><ReceiverName>李純妃</ReceiverName><ReceiverPhone> </ReceiverPhone><ReceiverMobilPhone>546</ReceiverMobilPhone><ReceiverEmail> </ReceiverEmail><ReceiverIDNumber> </ReceiverIDNumber><OrderAmount>551</OrderAmount><OrderDetail><ProductId> </ProductId><ProductName> </ProductName><Quantity> </Quantity><Unit> </Unit><UnitPrice> </UnitPrice></OrderDetail><ShipmentDetail><ShipmentNo>11225149</ShipmentNo><ShipDate>2023-06-28</ShipDate><ReturnDate>2023-07-06</ReturnDate><LastShipment>Y</LastShipment><ShipmentAmount>551</ShipmentAmount><StoreId>132998</StoreId><EshopType>04</EshopType></ShipmentDetail></Order><Order><EshopId>001</EshopId><OPMode>A</OPMode><EshopOrderNo>202306271754601</EshopOrderNo><EshopOrderDate>2023-06-27</EshopOrderDate><ServiceType>1</ServiceType><ShopperName>柯招娣</ShopperName><ShopperPhone> </ShopperPhone><ShopperMobilPhone> </ShopperMobilPhone><ShopperEmail> </ShopperEmail><ReceiverName>柯招娣</ReceiverName><ReceiverPhone> </ReceiverPhone><ReceiverMobilPhone>518</ReceiverMobilPhone><ReceiverEmail> </ReceiverEmail><ReceiverIDNumber> </ReceiverIDNumber><OrderAmount>744</OrderAmount><OrderDetail><ProductId> </ProductId><ProductName> </ProductName><Quantity> </Quantity><Unit> </Unit><UnitPrice> </UnitPrice></OrderDetail><ShipmentDetail><ShipmentNo>11225150</ShipmentNo><ShipDate>2023-06-28</ShipDate><ReturnDate>2023-07-06</ReturnDate><LastShipment>Y</LastShipment><ShipmentAmount>700</ShipmentAmount><StoreId>235682</StoreId><EshopType>04</EshopType></ShipmentDetail></Order><Order><EshopId>001</EshopId><OPMode>A</OPMode><EshopOrderNo>202306271972601</EshopOrderNo><EshopOrderDate>2023-06-27</EshopOrderDate><ServiceType>1</ServiceType><ShopperName>林泰毅</ShopperName><ShopperPhone> </ShopperPhone><ShopperMobilPhone> </ShopperMobilPhone><ShopperEmail> </ShopperEmail><ReceiverName>林泰毅</ReceiverName><ReceiverPhone> </ReceiverPhone><ReceiverMobilPhone>233</ReceiverMobilPhone><ReceiverEmail> </ReceiverEmail><ReceiverIDNumber> </ReceiverIDNumber><OrderAmount>723</OrderAmount><OrderDetail><ProductId> </ProductId><ProductName> </ProductName><Quantity> </Quantity><Unit> </Unit><UnitPrice> </UnitPrice></OrderDetail><ShipmentDetail><ShipmentNo>11225156</ShipmentNo><ShipDate>2023-06-28</ShipDate><ReturnDate>2023-07-06</ReturnDate><LastShipment>Y</LastShipment><ShipmentAmount>723</ShipmentAmount><StoreId>250500</StoreId><EshopType>04</EshopType></ShipmentDetail></Order><Order><EshopId>001</EshopId><OPMode>A</OPMode><EshopOrderNo>202306272153701</EshopOrderNo><EshopOrderDate>2023-06-27</EshopOrderDate><ServiceType>3</ServiceType><ShopperName>簡巧雯</ShopperName><ShopperPhone> </ShopperPhone><ShopperMobilPhone> </ShopperMobilPhone><ShopperEmail> </ShopperEmail><ReceiverName>簡巧雯</ReceiverName><ReceiverPhone> </ReceiverPhone><ReceiverMobilPhone>132</ReceiverMobilPhone><ReceiverEmail> </ReceiverEmail><ReceiverIDNumber> </ReceiverIDNumber><OrderAmount>787</OrderAmount><OrderDetail><ProductId> </ProductId><ProductName> </ProductName><Quantity> </Quantity><Unit> </Unit><UnitPrice> </UnitPrice></OrderDetail><ShipmentDetail><ShipmentNo>11225157</ShipmentNo><ShipDate>2023-06-28</ShipDate><ReturnDate>2023-07-06</ReturnDate><LastShipment>Y</LastShipment><ShipmentAmount>787</ShipmentAmount><StoreId>240868</StoreId><EshopType>04</EshopType></ShipmentDetail></Order><Order><EshopId>001</EshopId><OPMode>A</OPMode><EshopOrderNo>202306272308701</EshopOrderNo><EshopOrderDate>2023-06-27</EshopOrderDate><ServiceType>1</ServiceType><ShopperName>林泰毅</ShopperName><ShopperPhone> </ShopperPhone><ShopperMobilPhone> </ShopperMobilPhone><ShopperEmail> </ShopperEmail><ReceiverName>林泰毅</ReceiverName><ReceiverPhone> </ReceiverPhone><ReceiverMobilPhone>233</ReceiverMobilPhone><ReceiverEmail> </ReceiverEmail><ReceiverIDNumber> </ReceiverIDNumber><OrderAmount>706</OrderAmount><OrderDetail><ProductId> </ProductId><ProductName> </ProductName><Quantity> </Quantity><Unit> </Unit><UnitPrice> </UnitPrice></OrderDetail><ShipmentDetail><ShipmentNo>11225158</ShipmentNo><ShipDate>2023-06-28</ShipDate><ReturnDate>2023-07-06</ReturnDate><LastShipment>Y</LastShipment><ShipmentAmount>706</ShipmentAmount><StoreId>250500</StoreId><EshopType>04</EshopType></ShipmentDetail></Order><Order><EshopId>001</EshopId><OPMode>A</OPMode><EshopOrderNo>202306272580101</EshopOrderNo><EshopOrderDate>2023-06-27</EshopOrderDate><ServiceType>3</ServiceType><ShopperName>許友瀚</ShopperName><ShopperPhone> </ShopperPhone><ShopperMobilPhone> </ShopperMobilPhone><ShopperEmail> </ShopperEmail><ReceiverName>許友瀚</ReceiverName><ReceiverPhone> </ReceiverPhone><ReceiverMobilPhone>008</ReceiverMobilPhone><ReceiverEmail> </ReceiverEmail><ReceiverIDNumber> </ReceiverIDNumber><OrderAmount>1013</OrderAmount><OrderDetail><ProductId> </ProductId><ProductName> </ProductName><Quantity> </Quantity><Unit> </Unit><UnitPrice> </UnitPrice></OrderDetail><ShipmentDetail><ShipmentNo>11225151</ShipmentNo><ShipDate>2023-06-28</ShipDate><ReturnDate>2023-07-06</ReturnDate><LastShipment>Y</LastShipment><ShipmentAmount>1013</ShipmentAmount><StoreId>971155</StoreId><EshopType>04</EshopType></ShipmentDetail></Order><Order><EshopId>001</EshopId><OPMode>A</OPMode><EshopOrderNo>202306272968001</EshopOrderNo><EshopOrderDate>2023-06-27</EshopOrderDate><ServiceType>1</ServiceType><ShopperName>王宏州</ShopperName><ShopperPhone> </ShopperPhone><ShopperMobilPhone> </ShopperMobilPhone><ShopperEmail> </ShopperEmail><ReceiverName>王宏州</ReceiverName><ReceiverPhone> </ReceiverPhone><ReceiverMobilPhone>191</ReceiverMobilPhone><ReceiverEmail> </ReceiverEmail><ReceiverIDNumber> </ReceiverIDNumber><OrderAmount>935</OrderAmount><OrderDetail><ProductId> </ProductId><ProductName> </ProductName><Quantity> </Quantity><Unit> </Unit><UnitPrice> </UnitPrice></OrderDetail><ShipmentDetail><ShipmentNo>11225152</ShipmentNo><ShipDate>2023-06-28</ShipDate><ReturnDate>2023-07-06</ReturnDate><LastShipment>Y</LastShipment><ShipmentAmount>935</ShipmentAmount><StoreId>966913</StoreId><EshopType>04</EshopType></ShipmentDetail></Order><Order><EshopId>001</EshopId><OPMode>A</OPMode><EshopOrderNo>202306273140501</EshopOrderNo><EshopOrderDate>2023-06-27</EshopOrderDate><ServiceType>3</ServiceType><ShopperName>宋亭築</ShopperName><ShopperPhone> </ShopperPhone><ShopperMobilPhone> </ShopperMobilPhone><ShopperEmail> </ShopperEmail><ReceiverName>宋亭築</ReceiverName><ReceiverPhone> </ReceiverPhone><ReceiverMobilPhone>931</ReceiverMobilPhone><ReceiverEmail> </ReceiverEmail><ReceiverIDNumber> </ReceiverIDNumber><OrderAmount>1105</OrderAmount><OrderDetail><ProductId> </ProductId><ProductName> </ProductName><Quantity> </Quantity><Unit> </Unit><UnitPrice> </UnitPrice></OrderDetail><ShipmentDetail><ShipmentNo>11225127</ShipmentNo><ShipDate>2023-06-28</ShipDate><ReturnDate>2023-07-06</ReturnDate><LastShipment>Y</LastShipment><ShipmentAmount>1105</ShipmentAmount><StoreId>192808</StoreId><EshopType>04</EshopType></ShipmentDetail></Order><Order><EshopId>001</EshopId><OPMode>A</OPMode><EshopOrderNo>202306273417601</EshopOrderNo><EshopOrderDate>2023-06-27</EshopOrderDate><ServiceType>3</ServiceType><ShopperName>林鈺婷</ShopperName><ShopperPhone> </ShopperPhone><ShopperMobilPhone> </ShopperMobilPhone><ShopperEmail> </ShopperEmail><ReceiverName>林鈺婷</ReceiverName><ReceiverPhone> </ReceiverPhone><ReceiverMobilPhone>458</ReceiverMobilPhone><ReceiverEmail> </ReceiverEmail><ReceiverIDNumber> </ReceiverIDNumber><OrderAmount>557</OrderAmount><OrderDetail><ProductId> </ProductId><ProductName> </ProductName><Quantity> </Quantity><Unit> </Unit><UnitPrice> </UnitPrice></OrderDetail><ShipmentDetail><ShipmentNo>11225128</ShipmentNo><ShipDate>2023-06-28</ShipDate><ReturnDate>2023-07-06</ReturnDate><LastShipment>Y</LastShipment><ShipmentAmount>557</ShipmentAmount><StoreId>127583</StoreId><EshopType>04</EshopType></ShipmentDetail></Order><Order><EshopId>001</EshopId><OPMode>A</OPMode><EshopOrderNo>202306273764901</EshopOrderNo><EshopOrderDate>2023-06-27</EshopOrderDate><ServiceType>1</ServiceType><ShopperName>張惠玲</ShopperName><ShopperPhone> </ShopperPhone><ShopperMobilPhone> </ShopperMobilPhone><ShopperEmail> </ShopperEmail><ReceiverName>張惠玲</ReceiverName><ReceiverPhone> </ReceiverPhone><ReceiverMobilPhone>333</ReceiverMobilPhone><ReceiverEmail> </ReceiverEmail><ReceiverIDNumber> </ReceiverIDNumber><OrderAmount>690</OrderAmount><OrderDetail><ProductId> </ProductId><ProductName> </ProductName><Quantity> </Quantity><Unit> </Unit><UnitPrice> </UnitPrice></OrderDetail><ShipmentDetail><ShipmentNo>11225138</ShipmentNo><ShipDate>2023-06-28</ShipDate><ReturnDate>2023-07-06</ReturnDate><LastShipment>Y</LastShipment><ShipmentAmount>690</ShipmentAmount><StoreId>183686</StoreId><EshopType>04</EshopType></ShipmentDetail></Order><Order><EshopId>001</EshopId><OPMode>A</OPMode><EshopOrderNo>202306273769001</EshopOrderNo><EshopOrderDate>2023-06-27</EshopOrderDate><ServiceType>1</ServiceType><ShopperName>劉瑋安</ShopperName><ShopperPhone> </ShopperPhone><ShopperMobilPhone> </ShopperMobilPhone><ShopperEmail> </ShopperEmail><ReceiverName>劉瑋安</ReceiverName><ReceiverPhone> </ReceiverPhone><ReceiverMobilPhone>909</ReceiverMobilPhone><ReceiverEmail> </ReceiverEmail><ReceiverIDNumber> </ReceiverIDNumber><OrderAmount>1604</OrderAmount><OrderDetail><ProductId> </ProductId><ProductName> </ProductName><Quantity> </Quantity><Unit> </Unit><UnitPrice> </UnitPrice></OrderDetail><ShipmentDetail><ShipmentNo>11225159</ShipmentNo><ShipDate>2023-06-28</ShipDate><ReturnDate>2023-07-06</ReturnDate><LastShipment>Y</LastShipment><ShipmentAmount>1604</ShipmentAmount><StoreId>197456</StoreId><EshopType>04</EshopType></ShipmentDetail></Order><Order><EshopId>001</EshopId><OPMode>A</OPMode><EshopOrderNo>202306273859101</EshopOrderNo><EshopOrderDate>2023-06-27</EshopOrderDate><ServiceType>3</ServiceType><ShopperName>林中興</ShopperName><ShopperPhone> </ShopperPhone><ShopperMobilPhone> </ShopperMobilPhone><ShopperEmail> </ShopperEmail><ReceiverName>林中興</ReceiverName><ReceiverPhone> </ReceiverPhone><ReceiverMobilPhone>287</ReceiverMobilPhone><ReceiverEmail> </ReceiverEmail><ReceiverIDNumber> </ReceiverIDNumber><OrderAmount>439</OrderAmount><OrderDetail><ProductId> </ProductId><ProductName> </ProductName><Quantity> </Quantity><Unit> </Unit><UnitPrice> </UnitPrice></OrderDetail><ShipmentDetail><ShipmentNo>11225129</ShipmentNo><ShipDate>2023-06-28</ShipDate><ReturnDate>2023-07-06</ReturnDate><LastShipment>Y</LastShipment><ShipmentAmount>439</ShipmentAmount><StoreId>183572</StoreId><EshopType>04</EshopType></ShipmentDetail></Order><Order><EshopId>001</EshopId><OPMode>A</OPMode><EshopOrderNo>202306274069301</EshopOrderNo><EshopOrderDate>2023-06-27</EshopOrderDate><ServiceType>1</ServiceType><ShopperName>林泰毅</ShopperName><ShopperPhone> </ShopperPhone><ShopperMobilPhone> </ShopperMobilPhone><ShopperEmail> </ShopperEmail><ReceiverName>林泰毅</ReceiverName><ReceiverPhone> </ReceiverPhone><ReceiverMobilPhone>233</ReceiverMobilPhone><ReceiverEmail> </ReceiverEmail><ReceiverIDNumber> </ReceiverIDNumber><OrderAmount>706</OrderAmount><OrderDetail><ProductId> </ProductId><ProductName> </ProductName><Quantity> </Quantity><Unit> </Unit><UnitPrice> </UnitPrice></OrderDetail><ShipmentDetail><ShipmentNo>11225160</ShipmentNo><ShipDate>2023-06-28</ShipDate><ReturnDate>2023-07-06</ReturnDate><LastShipment>Y</LastShipment><ShipmentAmount>706</ShipmentAmount><StoreId>250500</StoreId><EshopType>04</EshopType></ShipmentDetail></Order><Order><EshopId>001</EshopId><OPMode>A</OPMode><EshopOrderNo>202306274205701</EshopOrderNo><EshopOrderDate>2023-06-27</EshopOrderDate><ServiceType>3</ServiceType><ShopperName>林中興</ShopperName><ShopperPhone> </ShopperPhone><ShopperMobilPhone> </ShopperMobilPhone><ShopperEmail> </ShopperEmail><ReceiverName>林中興</ReceiverName><ReceiverPhone> </ReceiverPhone><ReceiverMobilPhone>287</ReceiverMobilPhone><ReceiverEmail> </ReceiverEmail><ReceiverIDNumber> </ReceiverIDNumber><OrderAmount>406</OrderAmount><OrderDetail><ProductId> </ProductId><ProductName> </ProductName><Quantity> </Quantity><Unit> </Unit><UnitPrice> </UnitPrice></OrderDetail><ShipmentDetail><ShipmentNo>11225130</ShipmentNo><ShipDate>2023-06-28</ShipDate><ReturnDate>2023-07-06</ReturnDate><LastShipment>Y</LastShipment><ShipmentAmount>406</ShipmentAmount><StoreId>183572</StoreId><EshopType>04</EshopType></ShipmentDetail></Order><Order><EshopId>001</EshopId><OPMode>A</OPMode><EshopOrderNo>202306274375101</EshopOrderNo><EshopOrderDate>2023-06-27</EshopOrderDate><ServiceType>1</ServiceType><ShopperName>林泰毅</ShopperName><ShopperPhone> </ShopperPhone><ShopperMobilPhone> </ShopperMobilPhone><ShopperEmail> </ShopperEmail><ReceiverName>林泰毅</ReceiverName><ReceiverPhone> </ReceiverPhone><ReceiverMobilPhone>233</ReceiverMobilPhone><ReceiverEmail> </ReceiverEmail><ReceiverIDNumber> </ReceiverIDNumber><OrderAmount>724</OrderAmount><OrderDetail><ProductId> </ProductId><ProductName> </ProductName><Quantity> </Quantity><Unit> </Unit><UnitPrice> </UnitPrice></OrderDetail><ShipmentDetail><ShipmentNo>11225161</ShipmentNo><ShipDate>2023-06-28</ShipDate><ReturnDate>2023-07-06</ReturnDate><LastShipment>Y</LastShipment><ShipmentAmount>724</ShipmentAmount><StoreId>250500</StoreId><EshopType>04</EshopType></ShipmentDetail></Order><Order><EshopId>001</EshopId><OPMode>A</OPMode><EshopOrderNo>202306274705201</EshopOrderNo><EshopOrderDate>2023-06-27</EshopOrderDate><ServiceType>1</ServiceType><ShopperName>張明貴</ShopperName><ShopperPhone> </ShopperPhone><ShopperMobilPhone> </ShopperMobilPhone><ShopperEmail> </ShopperEmail><ReceiverName>張明貴</ReceiverName><ReceiverPhone> </ReceiverPhone><ReceiverMobilPhone>793</ReceiverMobilPhone><ReceiverEmail> </ReceiverEmail><ReceiverIDNumber> </ReceiverIDNumber><OrderAmount>1795</OrderAmount><OrderDetail><ProductId> </ProductId><ProductName> </ProductName><Quantity> </Quantity><Unit> </Unit><UnitPrice> </UnitPrice></OrderDetail><ShipmentDetail><ShipmentNo>11225131</ShipmentNo><ShipDate>2023-06-28</ShipDate><ReturnDate>2023-07-06</ReturnDate><LastShipment>Y</LastShipment><ShipmentAmount>1795</ShipmentAmount><StoreId>198770</StoreId><EshopType>04</EshopType></ShipmentDetail></Order><Order><EshopId>001</EshopId><OPMode>A</OPMode><EshopOrderNo>202306274719601</EshopOrderNo><EshopOrderDate>2023-06-27</EshopOrderDate><ServiceType>1</ServiceType><ShopperName>徐燕美</ShopperName><ShopperPhone> </ShopperPhone><ShopperMobilPhone> </ShopperMobilPhone><ShopperEmail> </ShopperEmail><ReceiverName>徐燕美</ReceiverName><ReceiverPhone> </ReceiverPhone><ReceiverMobilPhone>967</ReceiverMobilPhone><ReceiverEmail> </ReceiverEmail><ReceiverIDNumber> </ReceiverIDNumber><OrderAmount>777</OrderAmount><OrderDetail><ProductId> </ProductId><ProductName> </ProductName><Quantity> </Quantity><Unit> </Unit><UnitPrice> </UnitPrice></OrderDetail><ShipmentDetail><ShipmentNo>11225139</ShipmentNo><ShipDate>2023-06-28</ShipDate><ReturnDate>2023-07-06</ReturnDate><LastShipment>Y</LastShipment><ShipmentAmount>752</ShipmentAmount><StoreId>140276</StoreId><EshopType>04</EshopType></ShipmentDetail></Order><Order><EshopId>001</EshopId><OPMode>A</OPMode><EshopOrderNo>202306274921301</EshopOrderNo><EshopOrderDate>2023-06-27</EshopOrderDate><ServiceType>1</ServiceType><ShopperName>楊明莉</ShopperName><ShopperPhone> </ShopperPhone><ShopperMobilPhone> </ShopperMobilPhone><ShopperEmail> </ShopperEmail><ReceiverName>楊明莉</ReceiverName><ReceiverPhone> </ReceiverPhone><ReceiverMobilPhone>667</ReceiverMobilPhone><ReceiverEmail> </ReceiverEmail><ReceiverIDNumber> </ReceiverIDNumber><OrderAmount>958</OrderAmount><OrderDetail><ProductId> </ProductId><ProductName> </ProductName><Quantity> </Quantity><Unit> </Unit><UnitPrice> </UnitPrice></OrderDetail><ShipmentDetail><ShipmentNo>11225132</ShipmentNo><ShipDate>2023-06-28</ShipDate><ReturnDate>2023-07-06</ReturnDate><LastShipment>Y</LastShipment><ShipmentAmount>958</ShipmentAmount><StoreId>238474</StoreId><EshopType>04</EshopType></ShipmentDetail></Order><Order><EshopId>001</EshopId><OPMode>A</OPMode><EshopOrderNo>202306274936101</EshopOrderNo><EshopOrderDate>2023-06-27</EshopOrderDate><ServiceType>1</ServiceType><ShopperName>黃俊祥</ShopperName><ShopperPhone> </ShopperPhone><ShopperMobilPhone> </ShopperMobilPhone><ShopperEmail> </ShopperEmail><ReceiverName>黃俊祥</ReceiverName><ReceiverPhone> </ReceiverPhone><ReceiverMobilPhone>696</ReceiverMobilPhone><ReceiverEmail> </ReceiverEmail><ReceiverIDNumber> </ReceiverIDNumber><OrderAmount>366</OrderAmount><OrderDetail><ProductId> </ProductId><ProductName> </ProductName><Quantity> </Quantity><Unit> </Unit><UnitPrice> </UnitPrice></OrderDetail><ShipmentDetail><ShipmentNo>11225162</ShipmentNo><ShipDate>2023-06-28</ShipDate><ReturnDate>2023-07-06</ReturnDate><LastShipment>Y</LastShipment><ShipmentAmount>366</ShipmentAmount><StoreId>167547</StoreId><EshopType>04</EshopType></ShipmentDetail></Order><Order><EshopId>001</EshopId><OPMode>A</OPMode><EshopOrderNo>202306274938501</EshopOrderNo><EshopOrderDate>2023-06-27</EshopOrderDate><ServiceType>1</ServiceType><ShopperName>林鉅淵</ShopperName><ShopperPhone> </ShopperPhone><ShopperMobilPhone> </ShopperMobilPhone><ShopperEmail> </ShopperEmail><ReceiverName>林鉅淵</ReceiverName><ReceiverPhone> </ReceiverPhone><ReceiverMobilPhone>003</ReceiverMobilPhone><ReceiverEmail> </ReceiverEmail><ReceiverIDNumber> </ReceiverIDNumber><OrderAmount>1507</OrderAmount><OrderDetail><ProductId> </ProductId><ProductName> </ProductName><Quantity> </Quantity><Unit> </Unit><UnitPrice> </UnitPrice></OrderDetail><ShipmentDetail><ShipmentNo>11225133</ShipmentNo><ShipDate>2023-06-28</ShipDate><ReturnDate>2023-07-06</ReturnDate><LastShipment>Y</LastShipment><ShipmentAmount>1507</ShipmentAmount><StoreId>166212</StoreId><EshopType>04</EshopType></ShipmentDetail></Order><Order><EshopId>001</EshopId><OPMode>A</OPMode><EshopOrderNo>202306274952701</EshopOrderNo><EshopOrderDate>2023-06-27</EshopOrderDate><ServiceType>1</ServiceType><ShopperName>張卉翎</ShopperName><ShopperPhone> </ShopperPhone><ShopperMobilPhone> </ShopperMobilPhone><ShopperEmail> </ShopperEmail><ReceiverName>張卉翎</ReceiverName><ReceiverPhone> </ReceiverPhone><ReceiverMobilPhone>583</ReceiverMobilPhone><ReceiverEmail> </ReceiverEmail><ReceiverIDNumber> </ReceiverIDNumber><OrderAmount>757</OrderAmount><OrderDetail><ProductId> </ProductId><ProductName> </ProductName><Quantity> </Quantity><Unit> </Unit><UnitPrice> </UnitPrice></OrderDetail><ShipmentDetail><ShipmentNo>11225163</ShipmentNo><ShipDate>2023-06-28</ShipDate><ReturnDate>2023-07-06</ReturnDate><LastShipment>Y</LastShipment><ShipmentAmount>731</ShipmentAmount><StoreId>240765</StoreId><EshopType>04</EshopType></ShipmentDetail></Order><Order><EshopId>001</EshopId><OPMode>A</OPMode><EshopOrderNo>202306274981601</EshopOrderNo><EshopOrderDate>2023-06-27</EshopOrderDate><ServiceType>1</ServiceType><ShopperName>鍾心瑜</ShopperName><ShopperPhone> </ShopperPhone><ShopperMobilPhone> </ShopperMobilPhone><ShopperEmail> </ShopperEmail><ReceiverName>鍾心瑜</ReceiverName><ReceiverPhone> </ReceiverPhone><ReceiverMobilPhone>992</ReceiverMobilPhone><ReceiverEmail> </ReceiverEmail><ReceiverIDNumber> </ReceiverIDNumber><OrderAmount>198</OrderAmount><OrderDetail><ProductId> </ProductId><ProductName> </ProductName><Quantity> </Quantity><Unit> </Unit><UnitPrice> </UnitPrice></OrderDetail><ShipmentDetail><ShipmentNo>11225164</ShipmentNo><ShipDate>2023-06-28</ShipDate><ReturnDate>2023-07-06</ReturnDate><LastShipment>Y</LastShipment><ShipmentAmount>198</ShipmentAmount><StoreId>910688</StoreId><EshopType>04</EshopType></ShipmentDetail></Order><Order><EshopId>001</EshopId><OPMode>A</OPMode><EshopOrderNo>202306275189001</EshopOrderNo><EshopOrderDate>2023-06-27</EshopOrderDate><ServiceType>1</ServiceType><ShopperName>劉芷妤</ShopperName><ShopperPhone> </ShopperPhone><ShopperMobilPhone> </ShopperMobilPhone><ShopperEmail> </ShopperEmail><ReceiverName>劉芷妤</ReceiverName><ReceiverPhone> </ReceiverPhone><ReceiverMobilPhone>866</ReceiverMobilPhone><ReceiverEmail> </ReceiverEmail><ReceiverIDNumber> </ReceiverIDNumber><OrderAmount>1507</OrderAmount><OrderDetail><ProductId> </ProductId><ProductName> </ProductName><Quantity> </Quantity><Unit> </Unit><UnitPrice> </UnitPrice></OrderDetail><ShipmentDetail><ShipmentNo>11225165</ShipmentNo><ShipDate>2023-06-28</ShipDate><ReturnDate>2023-07-06</ReturnDate><LastShipment>Y</LastShipment><ShipmentAmount>1507</ShipmentAmount><StoreId>197434</StoreId><EshopType>04</EshopType></ShipmentDetail></Order><Order><EshopId>001</EshopId><OPMode>A</OPMode><EshopOrderNo>202306275294801</EshopOrderNo><EshopOrderDate>2023-06-27</EshopOrderDate><ServiceType>1</ServiceType><ShopperName>羅雅琦</ShopperName><ShopperPhone> </ShopperPhone><ShopperMobilPhone> </ShopperMobilPhone><ShopperEmail> </ShopperEmail><ReceiverName>羅雅琦</ReceiverName><ReceiverPhone> </ReceiverPhone><ReceiverMobilPhone>239</ReceiverMobilPhone><ReceiverEmail> </ReceiverEmail><ReceiverIDNumber> </ReceiverIDNumber><OrderAmount>550</OrderAmount><OrderDetail><ProductId> </ProductId><ProductName> </ProductName><Quantity> </Quantity><Unit> </Unit><UnitPrice> </UnitPrice></OrderDetail><ShipmentDetail><ShipmentNo>11225166</ShipmentNo><ShipDate>2023-06-28</ShipDate><ReturnDate>2023-07-06</ReturnDate><LastShipment>Y</LastShipment><ShipmentAmount>550</ShipmentAmount><StoreId>237116</StoreId><EshopType>04</EshopType></ShipmentDetail></Order><Order><EshopId>001</EshopId><OPMode>A</OPMode><EshopOrderNo>202306276128001</EshopOrderNo><EshopOrderDate>2023-06-27</EshopOrderDate><ServiceType>1</ServiceType><ShopperName>王綸</ShopperName><ShopperPhone> </ShopperPhone><ShopperMobilPhone> </ShopperMobilPhone><ShopperEmail> </ShopperEmail><ReceiverName>王綸</ReceiverName><ReceiverPhone> </ReceiverPhone><ReceiverMobilPhone>088</ReceiverMobilPhone><ReceiverEmail> </ReceiverEmail><ReceiverIDNumber> </ReceiverIDNumber><OrderAmount>1138</OrderAmount><OrderDetail><ProductId> </ProductId><ProductName> </ProductName><Quantity> </Quantity><Unit> </Unit><UnitPrice> </UnitPrice></OrderDetail><ShipmentDetail><ShipmentNo>11225167</ShipmentNo><ShipDate>2023-06-28</ShipDate><ReturnDate>2023-07-06</ReturnDate><LastShipment>Y</LastShipment><ShipmentAmount>1138</ShipmentAmount><StoreId>236401</StoreId><EshopType>04</EshopType></ShipmentDetail></Order><Order><EshopId>001</EshopId><OPMode>A</OPMode><EshopOrderNo>202306276210401</EshopOrderNo><EshopOrderDate>2023-06-27</EshopOrderDate><ServiceType>1</ServiceType><ShopperName>胡力文</ShopperName><ShopperPhone> </ShopperPhone><ShopperMobilPhone> </ShopperMobilPhone><ShopperEmail> </ShopperEmail><ReceiverName>胡力文</ReceiverName><ReceiverPhone> </ReceiverPhone><ReceiverMobilPhone>549</ReceiverMobilPhone><ReceiverEmail> </ReceiverEmail><ReceiverIDNumber> </ReceiverIDNumber><OrderAmount>237</OrderAmount><OrderDetail><ProductId> </ProductId><ProductName> </ProductName><Quantity> </Quantity><Unit> </Unit><UnitPrice> </UnitPrice></OrderDetail><ShipmentDetail><ShipmentNo>11225140</ShipmentNo><ShipDate>2023-06-28</ShipDate><ReturnDate>2023-07-06</ReturnDate><LastShipment>Y</LastShipment><ShipmentAmount>237</ShipmentAmount><StoreId>142397</StoreId><EshopType>04</EshopType></ShipmentDetail></Order><Order><EshopId>001</EshopId><OPMode>A</OPMode><EshopOrderNo>202306276257801</EshopOrderNo><EshopOrderDate>2023-06-27</EshopOrderDate><ServiceType>1</ServiceType><ShopperName>林泰毅</ShopperName><ShopperPhone> </ShopperPhone><ShopperMobilPhone> </ShopperMobilPhone><ShopperEmail> </ShopperEmail><ReceiverName>林泰毅</ReceiverName><ReceiverPhone> </ReceiverPhone><ReceiverMobilPhone>233</ReceiverMobilPhone><ReceiverEmail> </ReceiverEmail><ReceiverIDNumber> </ReceiverIDNumber><OrderAmount>706</OrderAmount><OrderDetail><ProductId> </ProductId><ProductName> </ProductName><Quantity> </Quantity><Unit> </Unit><UnitPrice> </UnitPrice></OrderDetail><ShipmentDetail><ShipmentNo>11225141</ShipmentNo><ShipDate>2023-06-28</ShipDate><ReturnDate>2023-07-06</ReturnDate><LastShipment>Y</LastShipment><ShipmentAmount>706</ShipmentAmount><StoreId>250500</StoreId><EshopType>04</EshopType></ShipmentDetail></Order><Order><EshopId>001</EshopId><OPMode>A</OPMode><EshopOrderNo>202306276320101</EshopOrderNo><EshopOrderDate>2023-06-27</EshopOrderDate><ServiceType>3</ServiceType><ShopperName>張云慈</ShopperName><ShopperPhone> </ShopperPhone><ShopperMobilPhone> </ShopperMobilPhone><ShopperEmail> </ShopperEmail><ReceiverName>張云慈</ReceiverName><ReceiverPhone> </ReceiverPhone><ReceiverMobilPhone>691</ReceiverMobilPhone><ReceiverEmail> </ReceiverEmail><ReceiverIDNumber> </ReceiverIDNumber><OrderAmount>1751</OrderAmount><OrderDetail><ProductId> </ProductId><ProductName> </ProductName><Quantity> </Quantity><Unit> </Unit><UnitPrice> </UnitPrice></OrderDetail><ShipmentDetail><ShipmentNo>11225168</ShipmentNo><ShipDate>2023-06-28</ShipDate><ReturnDate>2023-07-06</ReturnDate><LastShipment>Y</LastShipment><ShipmentAmount>1751</ShipmentAmount><StoreId>180045</StoreId><EshopType>04</EshopType></ShipmentDetail></Order><Order><EshopId>001</EshopId><OPMode>A</OPMode><EshopOrderNo>202306276348501</EshopOrderNo><EshopOrderDate>2023-06-27</EshopOrderDate><ServiceType>1</ServiceType><ShopperName>陳莛云</ShopperName><ShopperPhone> </ShopperPhone><ShopperMobilPhone> </ShopperMobilPhone><ShopperEmail> </ShopperEmail><ReceiverName>陳莛云</ReceiverName><ReceiverPhone> </ReceiverPhone><ReceiverMobilPhone>619</ReceiverMobilPhone><ReceiverEmail> </ReceiverEmail><ReceiverIDNumber> </ReceiverIDNumber><OrderAmount>434</OrderAmount><OrderDetail><ProductId> </ProductId><ProductName> </ProductName><Quantity> </Quantity><Unit> </Unit><UnitPrice> </UnitPrice></OrderDetail><ShipmentDetail><ShipmentNo>11225169</ShipmentNo><ShipDate>2023-06-28</ShipDate><ReturnDate>2023-07-06</ReturnDate><LastShipment>Y</LastShipment><ShipmentAmount>434</ShipmentAmount><StoreId>188647</StoreId><EshopType>04</EshopType></ShipmentDetail></Order><Order><EshopId>001</EshopId><OPMode>A</OPMode><EshopOrderNo>202306276715301</EshopOrderNo><EshopOrderDate>2023-06-27</EshopOrderDate><ServiceType>3</ServiceType><ShopperName>魏嘉賢</ShopperName><ShopperPhone> </ShopperPhone><ShopperMobilPhone> </ShopperMobilPhone><ShopperEmail> </ShopperEmail><ReceiverName>魏嘉賢</ReceiverName><ReceiverPhone> </ReceiverPhone><ReceiverMobilPhone>724</ReceiverMobilPhone><ReceiverEmail> </ReceiverEmail><ReceiverIDNumber> </ReceiverIDNumber><OrderAmount>1025</OrderAmount><OrderDetail><ProductId> </ProductId><ProductName> </ProductName><Quantity> </Quantity><Unit> </Unit><UnitPrice> </UnitPrice></OrderDetail><ShipmentDetail><ShipmentNo>11225170</ShipmentNo><ShipDate>2023-06-28</ShipDate><ReturnDate>2023-07-06</ReturnDate><LastShipment>Y</LastShipment><ShipmentAmount>1025</ShipmentAmount><StoreId>199577</StoreId><EshopType>04</EshopType></ShipmentDetail></Order><Order><EshopId>001</EshopId><OPMode>A</OPMode><EshopOrderNo>202306276752901</EshopOrderNo><EshopOrderDate>2023-06-27</EshopOrderDate><ServiceType>1</ServiceType><ShopperName>Cathy</ShopperName><ShopperPhone> </ShopperPhone><ShopperMobilPhone> </ShopperMobilPhone><ShopperEmail> </ShopperEmail><ReceiverName>Cathy</ReceiverName><ReceiverPhone> </ReceiverPhone><ReceiverMobilPhone>079</ReceiverMobilPhone><ReceiverEmail> </ReceiverEmail><ReceiverIDNumber> </ReceiverIDNumber><OrderAmount>281</OrderAmount><OrderDetail><ProductId> </ProductId><ProductName> </ProductName><Quantity> </Quantity><Unit> </Unit><UnitPrice> </UnitPrice></OrderDetail><ShipmentDetail><ShipmentNo>11225171</ShipmentNo><ShipDate>2023-06-28</ShipDate><ReturnDate>2023-07-06</ReturnDate><LastShipment>Y</LastShipment><ShipmentAmount>281</ShipmentAmount><StoreId>912891</StoreId><EshopType>04</EshopType></ShipmentDetail></Order><Order><EshopId>001</EshopId><OPMode>A</OPMode><EshopOrderNo>202306276831501</EshopOrderNo><EshopOrderDate>2023-06-27</EshopOrderDate><ServiceType>1</ServiceType><ShopperName>許佩愉</ShopperName><ShopperPhone> </ShopperPhone><ShopperMobilPhone> </ShopperMobilPhone><ShopperEmail> </ShopperEmail><ReceiverName>許佩愉</ReceiverName><ReceiverPhone> </ReceiverPhone><ReceiverMobilPhone>566</ReceiverMobilPhone><ReceiverEmail> </ReceiverEmail><ReceiverIDNumber> </ReceiverIDNumber><OrderAmount>1235</OrderAmount><OrderDetail><ProductId> </ProductId><ProductName> </ProductName><Quantity> </Quantity><Unit> </Unit><UnitPrice> </UnitPrice></OrderDetail><ShipmentDetail><ShipmentNo>11225172</ShipmentNo><ShipDate>2023-06-28</ShipDate><ReturnDate>2023-07-06</ReturnDate><LastShipment>Y</LastShipment><ShipmentAmount>1235</ShipmentAmount><StoreId>252126</StoreId><EshopType>04</EshopType></ShipmentDetail></Order><Order><EshopId>001</EshopId><OPMode>A</OPMode><EshopOrderNo>202306276910801</EshopOrderNo><EshopOrderDate>2023-06-27</EshopOrderDate><ServiceType>1</ServiceType><ShopperName>林庭卉</ShopperName><ShopperPhone> </ShopperPhone><ShopperMobilPhone> </ShopperMobilPhone><ShopperEmail> </ShopperEmail><ReceiverName>林庭卉</ReceiverName><ReceiverPhone> </ReceiverPhone><ReceiverMobilPhone>105</ReceiverMobilPhone><ReceiverEmail> </ReceiverEmail><ReceiverIDNumber> </ReceiverIDNumber><OrderAmount>407</OrderAmount><OrderDetail><ProductId> </ProductId><ProductName> </ProductName><Quantity> </Quantity><Unit> </Unit><UnitPrice> </UnitPrice></OrderDetail><ShipmentDetail><ShipmentNo>11225142</ShipmentNo><ShipDate>2023-06-28</ShipDate><ReturnDate>2023-07-06</ReturnDate><LastShipment>Y</LastShipment><ShipmentAmount>405</ShipmentAmount><StoreId>185659</StoreId><EshopType>04</EshopType></ShipmentDetail></Order><Order><EshopId>001</EshopId><OPMode>A</OPMode><EshopOrderNo>202306276954101</EshopOrderNo><EshopOrderDate>2023-06-27</EshopOrderDate><ServiceType>3</ServiceType><ShopperName>邱雨涵</ShopperName><ShopperPhone> </ShopperPhone><ShopperMobilPhone> </ShopperMobilPhone><ShopperEmail> </ShopperEmail><ReceiverName>邱雨涵</ReceiverName><ReceiverPhone> </ReceiverPhone><ReceiverMobilPhone>160</ReceiverMobilPhone><ReceiverEmail> </ReceiverEmail><ReceiverIDNumber> </ReceiverIDNumber><OrderAmount>525</OrderAmount><OrderDetail><ProductId> </ProductId><ProductName> </ProductName><Quantity> </Quantity><Unit> </Unit><UnitPrice> </UnitPrice></OrderDetail><ShipmentDetail><ShipmentNo>11225134</ShipmentNo><ShipDate>2023-06-28</ShipDate><ReturnDate>2023-07-06</ReturnDate><LastShipment>Y</LastShipment><ShipmentAmount>525</ShipmentAmount><StoreId>982063</StoreId><EshopType>04</EshopType></ShipmentDetail></Order><Order><EshopId>001</EshopId><OPMode>A</OPMode><EshopOrderNo>202306277094101</EshopOrderNo><EshopOrderDate>2023-06-27</EshopOrderDate><ServiceType>3</ServiceType><ShopperName>林詩敏</ShopperName><ShopperPhone> </ShopperPhone><ShopperMobilPhone> </ShopperMobilPhone><ShopperEmail> </ShopperEmail><ReceiverName>林詩敏</ReceiverName><ReceiverPhone> </ReceiverPhone><ReceiverMobilPhone>719</ReceiverMobilPhone><ReceiverEmail> </ReceiverEmail><ReceiverIDNumber> </ReceiverIDNumber><OrderAmount>675</OrderAmount><OrderDetail><ProductId> </ProductId><ProductName> </ProductName><Quantity> </Quantity><Unit> </Unit><UnitPrice> </UnitPrice></OrderDetail><ShipmentDetail><ShipmentNo>11225173</ShipmentNo><ShipDate>2023-06-28</ShipDate><ReturnDate>2023-07-06</ReturnDate><LastShipment>Y</LastShipment><ShipmentAmount>675</ShipmentAmount><StoreId>160074</StoreId><EshopType>04</EshopType></ShipmentDetail></Order><Order><EshopId>001</EshopId><OPMode>A</OPMode><EshopOrderNo>202306278091301</EshopOrderNo><EshopOrderDate>2023-06-27</EshopOrderDate><ServiceType>1</ServiceType><ShopperName>林泰毅</ShopperName><ShopperPhone> </ShopperPhone><ShopperMobilPhone> </ShopperMobilPhone><ShopperEmail> </ShopperEmail><ReceiverName>林泰毅</ReceiverName><ReceiverPhone> </ReceiverPhone><ReceiverMobilPhone>233</ReceiverMobilPhone><ReceiverEmail> </ReceiverEmail><ReceiverIDNumber> </ReceiverIDNumber><OrderAmount>717</OrderAmount><OrderDetail><ProductId> </ProductId><ProductName> </ProductName><Quantity> </Quantity><Unit> </Unit><UnitPrice> </UnitPrice></OrderDetail><ShipmentDetail><ShipmentNo>11225143</ShipmentNo><ShipDate>2023-06-28</ShipDate><ReturnDate>2023-07-06</ReturnDate><LastShipment>Y</LastShipment><ShipmentAmount>717</ShipmentAmount><StoreId>250500</StoreId><EshopType>04</EshopType></ShipmentDetail></Order><Order><EshopId>001</EshopId><OPMode>A</OPMode><EshopOrderNo>202306278153201</EshopOrderNo><EshopOrderDate>2023-06-27</EshopOrderDate><ServiceType>1</ServiceType><ShopperName>游千嬅</ShopperName><ShopperPhone> </ShopperPhone><ShopperMobilPhone> </ShopperMobilPhone><ShopperEmail> </ShopperEmail><ReceiverName>游千嬅</ReceiverName><ReceiverPhone> </ReceiverPhone><ReceiverMobilPhone>117</ReceiverMobilPhone><ReceiverEmail> </ReceiverEmail><ReceiverIDNumber> </ReceiverIDNumber><OrderAmount>470</OrderAmount><OrderDetail><ProductId> </ProductId><ProductName> </ProductName><Quantity> </Quantity><Unit> </Unit><UnitPrice> </UnitPrice></OrderDetail><ShipmentDetail><ShipmentNo>11225174</ShipmentNo><ShipDate>2023-06-28</ShipDate><ReturnDate>2023-07-06</ReturnDate><LastShipment>Y</LastShipment><ShipmentAmount>470</ShipmentAmount><StoreId>959122</StoreId><EshopType>04</EshopType></ShipmentDetail></Order><Order><EshopId>001</EshopId><OPMode>A</OPMode><EshopOrderNo>202306278241301</EshopOrderNo><EshopOrderDate>2023-06-27</EshopOrderDate><ServiceType>3</ServiceType><ShopperName>陳秀慧</ShopperName><ShopperPhone> </ShopperPhone><ShopperMobilPhone> </ShopperMobilPhone><ShopperEmail> </ShopperEmail><ReceiverName>陳秀慧</ReceiverName><ReceiverPhone> </ReceiverPhone><ReceiverMobilPhone>199</ReceiverMobilPhone><ReceiverEmail> </ReceiverEmail><ReceiverIDNumber> </ReceiverIDNumber><OrderAmount>560</OrderAmount><OrderDetail><ProductId> </ProductId><ProductName> </ProductName><Quantity> </Quantity><Unit> </Unit><UnitPrice> </UnitPrice></OrderDetail><ShipmentDetail><ShipmentNo>11225175</ShipmentNo><ShipDate>2023-06-28</ShipDate><ReturnDate>2023-07-06</ReturnDate><LastShipment>Y</LastShipment><ShipmentAmount>560</ShipmentAmount><StoreId>165459</StoreId><EshopType>04</EshopType></ShipmentDetail></Order><Order><EshopId>001</EshopId><OPMode>A</OPMode><EshopOrderNo>202306278304601</EshopOrderNo><EshopOrderDate>2023-06-27</EshopOrderDate><ServiceType>1</ServiceType><ShopperName>張瓅文</ShopperName><ShopperPhone> </ShopperPhone><ShopperMobilPhone> </ShopperMobilPhone><ShopperEmail> </ShopperEmail><ReceiverName>張瓅文</ReceiverName><ReceiverPhone> </ReceiverPhone><ReceiverMobilPhone>590</ReceiverMobilPhone><ReceiverEmail> </ReceiverEmail><ReceiverIDNumber> </ReceiverIDNumber><OrderAmount>718</OrderAmount><OrderDetail><ProductId> </ProductId><ProductName> </ProductName><Quantity> </Quantity><Unit> </Unit><UnitPrice> </UnitPrice></OrderDetail><ShipmentDetail><ShipmentNo>11225176</ShipmentNo><ShipDate>2023-06-28</ShipDate><ReturnDate>2023-07-06</ReturnDate><LastShipment>Y</LastShipment><ShipmentAmount>718</ShipmentAmount><StoreId>119364</StoreId><EshopType>04</EshopType></ShipmentDetail></Order><Order><EshopId>001</EshopId><OPMode>A</OPMode><EshopOrderNo>202306278340101</EshopOrderNo><EshopOrderDate>2023-06-27</EshopOrderDate><ServiceType>1</ServiceType><ShopperName>林泰毅</ShopperName><ShopperPhone> </ShopperPhone><ShopperMobilPhone> </ShopperMobilPhone><ShopperEmail> </ShopperEmail><ReceiverName>林泰毅</ReceiverName><ReceiverPhone> </ReceiverPhone><ReceiverMobilPhone>233</ReceiverMobilPhone><ReceiverEmail> </ReceiverEmail><ReceiverIDNumber> </ReceiverIDNumber><OrderAmount>715</OrderAmount><OrderDetail><ProductId> </ProductId><ProductName> </ProductName><Quantity> </Quantity><Unit> </Unit><UnitPrice> </UnitPrice></OrderDetail><ShipmentDetail><ShipmentNo>11225135</ShipmentNo><ShipDate>2023-06-28</ShipDate><ReturnDate>2023-07-06</ReturnDate><LastShipment>Y</LastShipment><ShipmentAmount>715</ShipmentAmount><StoreId>250500</StoreId><EshopType>04</EshopType></ShipmentDetail></Order><Order><EshopId>001</EshopId><OPMode>A</OPMode><EshopOrderNo>202306278541601</EshopOrderNo><EshopOrderDate>2023-06-27</EshopOrderDate><ServiceType>3</ServiceType><ShopperName>鍾雨霖</ShopperName><ShopperPhone> </ShopperPhone><ShopperMobilPhone> </ShopperMobilPhone><ShopperEmail> </ShopperEmail><ReceiverName>鍾雨霖</ReceiverName><ReceiverPhone> </ReceiverPhone><ReceiverMobilPhone>248</ReceiverMobilPhone><ReceiverEmail> </ReceiverEmail><ReceiverIDNumber> </ReceiverIDNumber><OrderAmount>661</OrderAmount><OrderDetail><ProductId> </ProductId><ProductName> </ProductName><Quantity> </Quantity><Unit> </Unit><UnitPrice> </UnitPrice></OrderDetail><ShipmentDetail><ShipmentNo>11225144</ShipmentNo><ShipDate>2023-06-28</ShipDate><ReturnDate>2023-07-06</ReturnDate><LastShipment>Y</LastShipment><ShipmentAmount>661</ShipmentAmount><StoreId>883913</StoreId><EshopType>04</EshopType></ShipmentDetail></Order><Order><EshopId>001</EshopId><OPMode>A</OPMode><EshopOrderNo>202306278571301</EshopOrderNo><EshopOrderDate>2023-06-27</EshopOrderDate><ServiceType>1</ServiceType><ShopperName>楊雅喬</ShopperName><ShopperPhone> </ShopperPhone><ShopperMobilPhone> </ShopperMobilPhone><ShopperEmail> </ShopperEmail><ReceiverName>楊雅喬</ReceiverName><ReceiverPhone> </ReceiverPhone><ReceiverMobilPhone>988</ReceiverMobilPhone><ReceiverEmail> </ReceiverEmail><ReceiverIDNumber> </ReceiverIDNumber><OrderAmount>411</OrderAmount><OrderDetail><ProductId> </ProductId><ProductName> </ProductName><Quantity> </Quantity><Unit> </Unit><UnitPrice> </UnitPrice></OrderDetail><ShipmentDetail><ShipmentNo>11225145</ShipmentNo><ShipDate>2023-06-28</ShipDate><ReturnDate>2023-07-06</ReturnDate><LastShipment>Y</LastShipment><ShipmentAmount>410</ShipmentAmount><StoreId>952969</StoreId><EshopType>04</EshopType></ShipmentDetail></Order><Order><EshopId>001</EshopId><OPMode>A</OPMode><EshopOrderNo>202306278651701</EshopOrderNo><EshopOrderDate>2023-06-27</EshopOrderDate><ServiceType>1</ServiceType><ShopperName>陳先生</ShopperName><ShopperPhone> </ShopperPhone><ShopperMobilPhone> </ShopperMobilPhone><ShopperEmail> </ShopperEmail><ReceiverName>陳先生</ReceiverName><ReceiverPhone> </ReceiverPhone><ReceiverMobilPhone>138</ReceiverMobilPhone><ReceiverEmail> </ReceiverEmail><ReceiverIDNumber> </ReceiverIDNumber><OrderAmount>720</OrderAmount><OrderDetail><ProductId> </ProductId><ProductName> </ProductName><Quantity> </Quantity><Unit> </Unit><UnitPrice> </UnitPrice></OrderDetail><ShipmentDetail><ShipmentNo>11225177</ShipmentNo><ShipDate>2023-06-28</ShipDate><ReturnDate>2023-07-06</ReturnDate><LastShipment>Y</LastShipment><ShipmentAmount>720</ShipmentAmount><StoreId>113090</StoreId><EshopType>04</EshopType></ShipmentDetail></Order><Order><EshopId>001</EshopId><OPMode>A</OPMode><EshopOrderNo>202306278672401</EshopOrderNo><EshopOrderDate>2023-06-27</EshopOrderDate><ServiceType>3</ServiceType><ShopperName>王國禎</ShopperName><ShopperPhone> </ShopperPhone><ShopperMobilPhone> </ShopperMobilPhone><ShopperEmail> </ShopperEmail><ReceiverName>王國禎</ReceiverName><ReceiverPhone> </ReceiverPhone><ReceiverMobilPhone>435</ReceiverMobilPhone><ReceiverEmail> </ReceiverEmail><ReceiverIDNumber> </ReceiverIDNumber><OrderAmount>658</OrderAmount><OrderDetail><ProductId> </ProductId><ProductName> </ProductName><Quantity> </Quantity><Unit> </Unit><UnitPrice> </UnitPrice></OrderDetail><ShipmentDetail><ShipmentNo>11225178</ShipmentNo><ShipDate>2023-06-28</ShipDate><ReturnDate>2023-07-06</ReturnDate><LastShipment>Y</LastShipment><ShipmentAmount>658</ShipmentAmount><StoreId>166474</StoreId><EshopType>04</EshopType></ShipmentDetail></Order><Order><EshopId>001</EshopId><OPMode>A</OPMode><EshopOrderNo>202306279673401</EshopOrderNo><EshopOrderDate>2023-06-27</EshopOrderDate><ServiceType>3</ServiceType><ShopperName>王若英</ShopperName><ShopperPhone> </ShopperPhone><ShopperMobilPhone> </ShopperMobilPhone><ShopperEmail> </ShopperEmail><ReceiverName>王若英</ReceiverName><ReceiverPhone> </ReceiverPhone><ReceiverMobilPhone>363</ReceiverMobilPhone><ReceiverEmail> </ReceiverEmail><ReceiverIDNumber> </ReceiverIDNumber><OrderAmount>223</OrderAmount><OrderDetail><ProductId> </ProductId><ProductName> </ProductName><Quantity> </Quantity><Unit> </Unit><UnitPrice> </UnitPrice></OrderDetail><ShipmentDetail><ShipmentNo>11225136</ShipmentNo><ShipDate>2023-06-28</ShipDate><ReturnDate>2023-07-06</ReturnDate><LastShipment>Y</LastShipment><ShipmentAmount>223</ShipmentAmount><StoreId>200181</StoreId><EshopType>04</EshopType></ShipmentDetail></Order><Order><EshopId>001</EshopId><OPMode>A</OPMode><EshopOrderNo>202306279834101</EshopOrderNo><EshopOrderDate>2023-06-27</EshopOrderDate><ServiceType>3</ServiceType><ShopperName>張書涵</ShopperName><ShopperPhone> </ShopperPhone><ShopperMobilPhone> </ShopperMobilPhone><ShopperEmail> </ShopperEmail><ReceiverName>張書涵</ReceiverName><ReceiverPhone> </ReceiverPhone><ReceiverMobilPhone>972</ReceiverMobilPhone><ReceiverEmail> </ReceiverEmail><ReceiverIDNumber> </ReceiverIDNumber><OrderAmount>746</OrderAmount><OrderDetail><ProductId> </ProductId><ProductName> </ProductName><Quantity> </Quantity><Unit> </Unit><UnitPrice> </UnitPrice></OrderDetail><ShipmentDetail><ShipmentNo>11225137</ShipmentNo><ShipDate>2023-06-28</ShipDate><ReturnDate>2023-07-06</ReturnDate><LastShipment>Y</LastShipment><ShipmentAmount>746</ShipmentAmount><StoreId>142010</StoreId><EshopType>04</EshopType></ShipmentDetail></Order></DocContent></OrderDoc> 