﻿<?xml version="1.0" encoding="UTF-8"?><OrderDoc><DocHead><DocNo>7850012023062826</DocNo><DocDate>2023-06-28</DocDate><ParentId>785</ParentId></DocHead><DocContent><Order><EshopId>001</EshopId><OPMode>A</OPMode><EshopOrderNo>202306270721301</EshopOrderNo><EshopOrderDate>2023-06-27</EshopOrderDate><ServiceType>1</ServiceType><ShopperName>何曼君</ShopperName><ShopperPhone> </ShopperPhone><ShopperMobilPhone> </ShopperMobilPhone><ShopperEmail> </ShopperEmail><ReceiverName>何曼君</ReceiverName><ReceiverPhone> </ReceiverPhone><ReceiverMobilPhone>454</ReceiverMobilPhone><ReceiverEmail> </ReceiverEmail><ReceiverIDNumber> </ReceiverIDNumber><OrderAmount>770</OrderAmount><OrderDetail><ProductId> </ProductId><ProductName> </ProductName><Quantity> </Quantity><Unit> </Unit><UnitPrice> </UnitPrice></OrderDetail><ShipmentDetail><ShipmentNo>11225179</ShipmentNo><ShipDate>2023-06-28</ShipDate><ReturnDate>2023-07-06</ReturnDate><LastShipment>Y</LastShipment><ShipmentAmount>770</ShipmentAmount><StoreId>251488</StoreId><EshopType>04</EshopType></ShipmentDetail></Order><Order><EshopId>001</EshopId><OPMode>A</OPMode><EshopOrderNo>202306271407501</EshopOrderNo><EshopOrderDate>2023-06-27</EshopOrderDate><ServiceType>3</ServiceType><ShopperName>陳怡君</ShopperName><ShopperPhone> </ShopperPhone><ShopperMobilPhone> </ShopperMobilPhone><ShopperEmail> </ShopperEmail><ReceiverName>陳怡君</ReceiverName><ReceiverPhone> </ReceiverPhone><ReceiverMobilPhone>433</ReceiverMobilPhone><ReceiverEmail> </ReceiverEmail><ReceiverIDNumber> </ReceiverIDNumber><OrderAmount>836</OrderAmount><OrderDetail><ProductId> </ProductId><ProductName> </ProductName><Quantity> </Quantity><Unit> </Unit><UnitPrice> </UnitPrice></OrderDetail><ShipmentDetail><ShipmentNo>11225180</ShipmentNo><ShipDate>2023-06-28</ShipDate><ReturnDate>2023-07-06</ReturnDate><LastShipment>Y</LastShipment><ShipmentAmount>836</ShipmentAmount><StoreId>114657</StoreId><EshopType>04</EshopType></ShipmentDetail></Order><Order><EshopId>001</EshopId><OPMode>A</OPMode><EshopOrderNo>202306272367801</EshopOrderNo><EshopOrderDate>2023-06-27</EshopOrderDate><ServiceType>1</ServiceType><ShopperName>張皓鈞</ShopperName><ShopperPhone> </ShopperPhone><ShopperMobilPhone> </ShopperMobilPhone><ShopperEmail> </ShopperEmail><ReceiverName>張皓鈞</ReceiverName><ReceiverPhone> </ReceiverPhone><ReceiverMobilPhone>035</ReceiverMobilPhone><ReceiverEmail> </ReceiverEmail><ReceiverIDNumber> </ReceiverIDNumber><OrderAmount>304</OrderAmount><OrderDetail><ProductId> </ProductId><ProductName> </ProductName><Quantity> </Quantity><Unit> </Unit><UnitPrice> </UnitPrice></OrderDetail><ShipmentDetail><ShipmentNo>11225181</ShipmentNo><ShipDate>2023-06-28</ShipDate><ReturnDate>2023-07-06</ReturnDate><LastShipment>Y</LastShipment><ShipmentAmount>304</ShipmentAmount><StoreId>214272</StoreId><EshopType>04</EshopType></ShipmentDetail></Order><Order><EshopId>001</EshopId><OPMode>A</OPMode><EshopOrderNo>202306272408601</EshopOrderNo><EshopOrderDate>2023-06-27</EshopOrderDate><ServiceType>3</ServiceType><ShopperName>葉玉萍</ShopperName><ShopperPhone> </ShopperPhone><ShopperMobilPhone> </ShopperMobilPhone><ShopperEmail> </ShopperEmail><ReceiverName>葉玉萍</ReceiverName><ReceiverPhone> </ReceiverPhone><ReceiverMobilPhone>190</ReceiverMobilPhone><ReceiverEmail> </ReceiverEmail><ReceiverIDNumber> </ReceiverIDNumber><OrderAmount>1058</OrderAmount><OrderDetail><ProductId> </ProductId><ProductName> </ProductName><Quantity> </Quantity><Unit> </Unit><UnitPrice> </UnitPrice></OrderDetail><ShipmentDetail><ShipmentNo>11225182</ShipmentNo><ShipDate>2023-06-28</ShipDate><ReturnDate>2023-07-06</ReturnDate><LastShipment>Y</LastShipment><ShipmentAmount>1058</ShipmentAmount><StoreId>260965</StoreId><EshopType>04</EshopType></ShipmentDetail></Order><Order><EshopId>001</EshopId><OPMode>A</OPMode><EshopOrderNo>202306272537101</EshopOrderNo><EshopOrderDate>2023-06-27</EshopOrderDate><ServiceType>1</ServiceType><ShopperName>沈佩萱</ShopperName><ShopperPhone> </ShopperPhone><ShopperMobilPhone> </ShopperMobilPhone><ShopperEmail> </ShopperEmail><ReceiverName>沈佩萱</ReceiverName><ReceiverPhone> </ReceiverPhone><ReceiverMobilPhone>813</ReceiverMobilPhone><ReceiverEmail> </ReceiverEmail><ReceiverIDNumber> </ReceiverIDNumber><OrderAmount>848</OrderAmount><OrderDetail><ProductId> </ProductId><ProductName> </ProductName><Quantity> </Quantity><Unit> </Unit><UnitPrice> </UnitPrice></OrderDetail><ShipmentDetail><ShipmentNo>11225183</ShipmentNo><ShipDate>2023-06-28</ShipDate><ReturnDate>2023-07-06</ReturnDate><LastShipment>Y</LastShipment><ShipmentAmount>848</ShipmentAmount><StoreId>253691</StoreId><EshopType>04</EshopType></ShipmentDetail></Order><Order><EshopId>001</EshopId><OPMode>A</OPMode><EshopOrderNo>202306273147501</EshopOrderNo><EshopOrderDate>2023-06-27</EshopOrderDate><ServiceType>1</ServiceType><ShopperName>李孟軒</ShopperName><ShopperPhone> </ShopperPhone><ShopperMobilPhone> </ShopperMobilPhone><ShopperEmail> </ShopperEmail><ReceiverName>李孟軒</ReceiverName><ReceiverPhone> </ReceiverPhone><ReceiverMobilPhone>324</ReceiverMobilPhone><ReceiverEmail> </ReceiverEmail><ReceiverIDNumber> </ReceiverIDNumber><OrderAmount>679</OrderAmount><OrderDetail><ProductId> </ProductId><ProductName> </ProductName><Quantity> </Quantity><Unit> </Unit><UnitPrice> </UnitPrice></OrderDetail><ShipmentDetail><ShipmentNo>11225184</ShipmentNo><ShipDate>2023-06-28</ShipDate><ReturnDate>2023-07-06</ReturnDate><LastShipment>Y</LastShipment><ShipmentAmount>679</ShipmentAmount><StoreId>240617</StoreId><EshopType>04</EshopType></ShipmentDetail></Order><Order><EshopId>001</EshopId><OPMode>A</OPMode><EshopOrderNo>202306273576801</EshopOrderNo><EshopOrderDate>2023-06-27</EshopOrderDate><ServiceType>3</ServiceType><ShopperName>林慧珊</ShopperName><ShopperPhone> </ShopperPhone><ShopperMobilPhone> </ShopperMobilPhone><ShopperEmail> </ShopperEmail><ReceiverName>林慧珊</ReceiverName><ReceiverPhone> </ReceiverPhone><ReceiverMobilPhone>579</ReceiverMobilPhone><ReceiverEmail> </ReceiverEmail><ReceiverIDNumber> </ReceiverIDNumber><OrderAmount>498</OrderAmount><OrderDetail><ProductId> </ProductId><ProductName> </ProductName><Quantity> </Quantity><Unit> </Unit><UnitPrice> </UnitPrice></OrderDetail><ShipmentDetail><ShipmentNo>11225193</ShipmentNo><ShipDate>2023-06-28</ShipDate><ReturnDate>2023-07-06</ReturnDate><LastShipment>Y</LastShipment><ShipmentAmount>498</ShipmentAmount><StoreId>216935</StoreId><EshopType>04</EshopType></ShipmentDetail></Order><Order><EshopId>001</EshopId><OPMode>A</OPMode><EshopOrderNo>202306274289701</EshopOrderNo><EshopOrderDate>2023-06-27</EshopOrderDate><ServiceType>3</ServiceType><ShopperName>周芷瑩</ShopperName><ShopperPhone> </ShopperPhone><ShopperMobilPhone> </ShopperMobilPhone><ShopperEmail> </ShopperEmail><ReceiverName>周芷瑩</ReceiverName><ReceiverPhone> </ReceiverPhone><ReceiverMobilPhone>108</ReceiverMobilPhone><ReceiverEmail> </ReceiverEmail><ReceiverIDNumber> </ReceiverIDNumber><OrderAmount>479</OrderAmount><OrderDetail><ProductId> </ProductId><ProductName> </ProductName><Quantity> </Quantity><Unit> </Unit><UnitPrice> </UnitPrice></OrderDetail><ShipmentDetail><ShipmentNo>11225194</ShipmentNo><ShipDate>2023-06-28</ShipDate><ReturnDate>2023-07-06</ReturnDate><LastShipment>Y</LastShipment><ShipmentAmount>479</ShipmentAmount><StoreId>163888</StoreId><EshopType>04</EshopType></ShipmentDetail></Order><Order><EshopId>001</EshopId><OPMode>A</OPMode><EshopOrderNo>202306274592101</EshopOrderNo><EshopOrderDate>2023-06-27</EshopOrderDate><ServiceType>3</ServiceType><ShopperName>林中興</ShopperName><ShopperPhone> </ShopperPhone><ShopperMobilPhone> </ShopperMobilPhone><ShopperEmail> </ShopperEmail><ReceiverName>林中興</ReceiverName><ReceiverPhone> </ReceiverPhone><ReceiverMobilPhone>287</ReceiverMobilPhone><ReceiverEmail> </ReceiverEmail><ReceiverIDNumber> </ReceiverIDNumber><OrderAmount>412</OrderAmount><OrderDetail><ProductId> </ProductId><ProductName> </ProductName><Quantity> </Quantity><Unit> </Unit><UnitPrice> </UnitPrice></OrderDetail><ShipmentDetail><ShipmentNo>11225185</ShipmentNo><ShipDate>2023-06-28</ShipDate><ReturnDate>2023-07-06</ReturnDate><LastShipment>Y</LastShipment><ShipmentAmount>412</ShipmentAmount><StoreId>183572</StoreId><EshopType>04</EshopType></ShipmentDetail></Order><Order><EshopId>001</EshopId><OPMode>A</OPMode><EshopOrderNo>202306274709801</EshopOrderNo><EshopOrderDate>2023-06-27</EshopOrderDate><ServiceType>3</ServiceType><ShopperName>楊子育</ShopperName><ShopperPhone> </ShopperPhone><ShopperMobilPhone> </ShopperMobilPhone><ShopperEmail> </ShopperEmail><ReceiverName>楊子育</ReceiverName><ReceiverPhone> </ReceiverPhone><ReceiverMobilPhone>186</ReceiverMobilPhone><ReceiverEmail> </ReceiverEmail><ReceiverIDNumber> </ReceiverIDNumber><OrderAmount>797</OrderAmount><OrderDetail><ProductId> </ProductId><ProductName> </ProductName><Quantity> </Quantity><Unit> </Unit><UnitPrice> </UnitPrice></OrderDetail><ShipmentDetail><ShipmentNo>11225195</ShipmentNo><ShipDate>2023-06-28</ShipDate><ReturnDate>2023-07-06</ReturnDate><LastShipment>Y</LastShipment><ShipmentAmount>797</ShipmentAmount><StoreId>250430</StoreId><EshopType>04</EshopType></ShipmentDetail></Order><Order><EshopId>001</EshopId><OPMode>A</OPMode><EshopOrderNo>202306274905101</EshopOrderNo><EshopOrderDate>2023-06-27</EshopOrderDate><ServiceType>3</ServiceType><ShopperName>黃鈺喬</ShopperName><ShopperPhone> </ShopperPhone><ShopperMobilPhone> </ShopperMobilPhone><ShopperEmail> </ShopperEmail><ReceiverName>黃鈺喬</ReceiverName><ReceiverPhone> </ReceiverPhone><ReceiverMobilPhone>580</ReceiverMobilPhone><ReceiverEmail> </ReceiverEmail><ReceiverIDNumber> </ReceiverIDNumber><OrderAmount>776</OrderAmount><OrderDetail><ProductId> </ProductId><ProductName> </ProductName><Quantity> </Quantity><Unit> </Unit><UnitPrice> </UnitPrice></OrderDetail><ShipmentDetail><ShipmentNo>11225196</ShipmentNo><ShipDate>2023-06-28</ShipDate><ReturnDate>2023-07-06</ReturnDate><LastShipment>Y</LastShipment><ShipmentAmount>776</ShipmentAmount><StoreId>252975</StoreId><EshopType>04</EshopType></ShipmentDetail></Order><Order><EshopId>001</EshopId><OPMode>A</OPMode><EshopOrderNo>202306275302601</EshopOrderNo><EshopOrderDate>2023-06-27</EshopOrderDate><ServiceType>3</ServiceType><ShopperName>王藍</ShopperName><ShopperPhone> </ShopperPhone><ShopperMobilPhone> </ShopperMobilPhone><ShopperEmail> </ShopperEmail><ReceiverName>王藍</ReceiverName><ReceiverPhone> </ReceiverPhone><ReceiverMobilPhone>106</ReceiverMobilPhone><ReceiverEmail> </ReceiverEmail><ReceiverIDNumber> </ReceiverIDNumber><OrderAmount>473</OrderAmount><OrderDetail><ProductId> </ProductId><ProductName> </ProductName><Quantity> </Quantity><Unit> </Unit><UnitPrice> </UnitPrice></OrderDetail><ShipmentDetail><ShipmentNo>11225186</ShipmentNo><ShipDate>2023-06-28</ShipDate><ReturnDate>2023-07-06</ReturnDate><LastShipment>Y</LastShipment><ShipmentAmount>473</ShipmentAmount><StoreId>996121</StoreId><EshopType>04</EshopType></ShipmentDetail></Order><Order><EshopId>001</EshopId><OPMode>A</OPMode><EshopOrderNo>202306276072801</EshopOrderNo><EshopOrderDate>2023-06-27</EshopOrderDate><ServiceType>1</ServiceType><ShopperName>鍾美鈴</ShopperName><ShopperPhone> </ShopperPhone><ShopperMobilPhone> </ShopperMobilPhone><ShopperEmail> </ShopperEmail><ReceiverName>鍾美鈴</ReceiverName><ReceiverPhone> </ReceiverPhone><ReceiverMobilPhone>950</ReceiverMobilPhone><ReceiverEmail> </ReceiverEmail><ReceiverIDNumber> </ReceiverIDNumber><OrderAmount>386</OrderAmount><OrderDetail><ProductId> </ProductId><ProductName> </ProductName><Quantity> </Quantity><Unit> </Unit><UnitPrice> </UnitPrice></OrderDetail><ShipmentDetail><ShipmentNo>11225197</ShipmentNo><ShipDate>2023-06-28</ShipDate><ReturnDate>2023-07-06</ReturnDate><LastShipment>Y</LastShipment><ShipmentAmount>385</ShipmentAmount><StoreId>187493</StoreId><EshopType>04</EshopType></ShipmentDetail></Order><Order><EshopId>001</EshopId><OPMode>A</OPMode><EshopOrderNo>202306277106201</EshopOrderNo><EshopOrderDate>2023-06-27</EshopOrderDate><ServiceType>3</ServiceType><ShopperName>謝偉汝</ShopperName><ShopperPhone> </ShopperPhone><ShopperMobilPhone> </ShopperMobilPhone><ShopperEmail> </ShopperEmail><ReceiverName>謝偉汝</ReceiverName><ReceiverPhone> </ReceiverPhone><ReceiverMobilPhone>490</ReceiverMobilPhone><ReceiverEmail> </ReceiverEmail><ReceiverIDNumber> </ReceiverIDNumber><OrderAmount>1784</OrderAmount><OrderDetail><ProductId> </ProductId><ProductName> </ProductName><Quantity> </Quantity><Unit> </Unit><UnitPrice> </UnitPrice></OrderDetail><ShipmentDetail><ShipmentNo>11225187</ShipmentNo><ShipDate>2023-06-28</ShipDate><ReturnDate>2023-07-06</ReturnDate><LastShipment>Y</LastShipment><ShipmentAmount>1784</ShipmentAmount><StoreId>253727</StoreId><EshopType>04</EshopType></ShipmentDetail></Order><Order><EshopId>001</EshopId><OPMode>A</OPMode><EshopOrderNo>202306278097401</EshopOrderNo><EshopOrderDate>2023-06-27</EshopOrderDate><ServiceType>3</ServiceType><ShopperName>游舒雁</ShopperName><ShopperPhone> </ShopperPhone><ShopperMobilPhone> </ShopperMobilPhone><ShopperEmail> </ShopperEmail><ReceiverName>游舒雁</ReceiverName><ReceiverPhone> </ReceiverPhone><ReceiverMobilPhone>639</ReceiverMobilPhone><ReceiverEmail> </ReceiverEmail><ReceiverIDNumber> </ReceiverIDNumber><OrderAmount>899</OrderAmount><OrderDetail><ProductId> </ProductId><ProductName> </ProductName><Quantity> </Quantity><Unit> </Unit><UnitPrice> </UnitPrice></OrderDetail><ShipmentDetail><ShipmentNo>11225188</ShipmentNo><ShipDate>2023-06-28</ShipDate><ReturnDate>2023-07-06</ReturnDate><LastShipment>Y</LastShipment><ShipmentAmount>899</ShipmentAmount><StoreId>228488</StoreId><EshopType>04</EshopType></ShipmentDetail></Order><Order><EshopId>001</EshopId><OPMode>A</OPMode><EshopOrderNo>202306278641301</EshopOrderNo><EshopOrderDate>2023-06-27</EshopOrderDate><ServiceType>1</ServiceType><ShopperName>方子俞</ShopperName><ShopperPhone> </ShopperPhone><ShopperMobilPhone> </ShopperMobilPhone><ShopperEmail> </ShopperEmail><ReceiverName>方子俞</ReceiverName><ReceiverPhone> </ReceiverPhone><ReceiverMobilPhone>093</ReceiverMobilPhone><ReceiverEmail> </ReceiverEmail><ReceiverIDNumber> </ReceiverIDNumber><OrderAmount>808</OrderAmount><OrderDetail><ProductId> </ProductId><ProductName> </ProductName><Quantity> </Quantity><Unit> </Unit><UnitPrice> </UnitPrice></OrderDetail><ShipmentDetail><ShipmentNo>11225189</ShipmentNo><ShipDate>2023-06-28</ShipDate><ReturnDate>2023-07-06</ReturnDate><LastShipment>Y</LastShipment><ShipmentAmount>808</ShipmentAmount><StoreId>208923</StoreId><EshopType>04</EshopType></ShipmentDetail></Order><Order><EshopId>001</EshopId><OPMode>A</OPMode><EshopOrderNo>202306279037601</EshopOrderNo><EshopOrderDate>2023-06-27</EshopOrderDate><ServiceType>3</ServiceType><ShopperName>陳安青</ShopperName><ShopperPhone> </ShopperPhone><ShopperMobilPhone> </ShopperMobilPhone><ShopperEmail> </ShopperEmail><ReceiverName>陳安青</ReceiverName><ReceiverPhone> </ReceiverPhone><ReceiverMobilPhone>893</ReceiverMobilPhone><ReceiverEmail> </ReceiverEmail><ReceiverIDNumber> </ReceiverIDNumber><OrderAmount>1393</OrderAmount><OrderDetail><ProductId> </ProductId><ProductName> </ProductName><Quantity> </Quantity><Unit> </Unit><UnitPrice> </UnitPrice></OrderDetail><ShipmentDetail><ShipmentNo>11225190</ShipmentNo><ShipDate>2023-06-28</ShipDate><ReturnDate>2023-07-06</ReturnDate><LastShipment>Y</LastShipment><ShipmentAmount>1393</ShipmentAmount><StoreId>153261</StoreId><EshopType>04</EshopType></ShipmentDetail></Order><Order><EshopId>001</EshopId><OPMode>A</OPMode><EshopOrderNo>202306279138701</EshopOrderNo><EshopOrderDate>2023-06-27</EshopOrderDate><ServiceType>1</ServiceType><ShopperName>賴政穎</ShopperName><ShopperPhone> </ShopperPhone><ShopperMobilPhone> </ShopperMobilPhone><ShopperEmail> </ShopperEmail><ReceiverName>賴政穎</ReceiverName><ReceiverPhone> </ReceiverPhone><ReceiverMobilPhone>150</ReceiverMobilPhone><ReceiverEmail> </ReceiverEmail><ReceiverIDNumber> </ReceiverIDNumber><OrderAmount>710</OrderAmount><OrderDetail><ProductId> </ProductId><ProductName> </ProductName><Quantity> </Quantity><Unit> </Unit><UnitPrice> </UnitPrice></OrderDetail><ShipmentDetail><ShipmentNo>11225191</ShipmentNo><ShipDate>2023-06-28</ShipDate><ReturnDate>2023-07-06</ReturnDate><LastShipment>Y</LastShipment><ShipmentAmount>500</ShipmentAmount><StoreId>211158</StoreId><EshopType>04</EshopType></ShipmentDetail></Order><Order><EshopId>001</EshopId><OPMode>A</OPMode><EshopOrderNo>202306279687001</EshopOrderNo><EshopOrderDate>2023-06-27</EshopOrderDate><ServiceType>1</ServiceType><ShopperName>張嘉雯</ShopperName><ShopperPhone> </ShopperPhone><ShopperMobilPhone> </ShopperMobilPhone><ShopperEmail> </ShopperEmail><ReceiverName>張嘉雯</ReceiverName><ReceiverPhone> </ReceiverPhone><ReceiverMobilPhone>133</ReceiverMobilPhone><ReceiverEmail> </ReceiverEmail><ReceiverIDNumber> </ReceiverIDNumber><OrderAmount>655</OrderAmount><OrderDetail><ProductId> </ProductId><ProductName> </ProductName><Quantity> </Quantity><Unit> </Unit><UnitPrice> </UnitPrice></OrderDetail><ShipmentDetail><ShipmentNo>11225192</ShipmentNo><ShipDate>2023-06-28</ShipDate><ReturnDate>2023-07-06</ReturnDate><LastShipment>Y</LastShipment><ShipmentAmount>655</ShipmentAmount><StoreId>251329</StoreId><EshopType>04</EshopType></ShipmentDetail></Order></DocContent></OrderDoc> 