<?xml version="1.0"?>
<PrinterSettings>
  <UsePrinterRedirection>true</UsePrinterRedirection>
  <Printers>
    <Printer>
      <Name>A16_192.168.19.1</Name>
      <RedirectionSettings>
        <RedirectionPrinterName>EC_192.168.19.2</RedirectionPrinterName>
        <RedirectOnPrinterInErrorState>true</RedirectOnPrinterInErrorState>
        <RedirectOnPrinterOffline>true</RedirectOnPrinterOffline>
        <RedirectOnPrinterQueuePaused>true</RedirectOnPrinterQueuePaused>
      </RedirectionSettings>
      <UsesEPDI>false</UsesEPDI>
      <ForceUseLeadTools>false</ForceUseLeadTools>
      <VerifierDriverName />
      <VerifierInstanceId>0</VerifierInstanceId>
    </Printer>
  </Printers>
</PrinterSettings>